application_id,age,income,employment_length,loan_amount,loan_duration_months,collateral_value,collateral_type,co_loaners,credit_score,existing_debt,assets_owned,monthly_income,monthly_bills,DTI,LTV,CCR,ITI,CWI,monthly_ndi,ndi_ratio,created_at,employment_years,debt_to_income,credit_history_length,num_delinquencies,current_loans,requested_amount,loan_term_months
APP_0001,24,70459,18,5416,72,109709,house,0,784,38901,194554,6175,3302,0.5521083183127697,0.0493669616895601,20.25646233382196,0.0010676027508363,1.2773418905889125,2873,0.4652631578946614,:47:13,18,0.5521083183127697,20,0,2,5416,72
APP_0002,55,128286,23,9023,36,57986,car,0,737,33592,87148,7908,5730,0.2618524234912596,0.1556065257131005,6.426465698769098,0.0019537509072067,1.8698609899940108,2178,0.2754172989377497,:47:13,23,0.2618524234912596,6,1,0,9023,36
APP_0003,49,26239,22,25817,72,51971,car,0,421,46496,184395,3128,3251,1.7720187507145175,0.4967578072386428,2.0130534144167798,0.0136655148610637,0.0,0,0.0,:47:13,22,1.7720187507145175,23,0,0,25817,72
APP_0004,40,137020,4,88993,60,69918,car,0,760,48029,89498,8047,467,0.3505254707341969,1.2728195886609843,0.7856572988886678,0.0108248187610709,0.0,7580,0.9419659500433774,:47:13,4,0.3505254707341969,9,0,4,88993,60
APP_0005,40,92853,24,48598,48,122713,house,0,337,35245,44382,11209,5289,0.3795784735011213,0.3960297604980695,2.5250627597843014,0.0109038839166449,0.9461817654319866,5920,0.5281470247122376,:47:13,24,0.3795784735011213,6,0,0,48598,48
APP_0006,58,42531,16,72409,72,54556,house,0,456,18545,83871,2918,4672,0.4360348921962701,1.3272417332648778,0.7534422516537895,0.0236458243526266,0.0,0,0.0,:47:13,16,0.4360348921962701,23,0,2,72409,72
APP_0007,24,62772,9,44098,48,183521,house,1,688,29953,89935,4938,4405,0.4771713502835583,0.2402885773290237,4.161662660438021,0.0146356390319597,1.19159669186767,533,0.1079384366139919,:47:13,9,0.4771713502835583,19,0,3,44098,48
APP_0008,51,94254,15,21447,60,100133,car,0,467,21254,49161,8782,5833,0.2254970611326816,0.2141851337720809,4.668858115353911,0.0037924119930617,1.825847769897456,2949,0.3358005010247852,:47:13,15,0.2254970611326816,20,0,2,21447,60
APP_0009,29,64461,29,40259,24,173748,house,0,701,31454,16846,7982,1498,0.487953956655955,0.2317091419757336,4.315755483245876,0.0260228406829464,1.1802008819661811,6484,0.8123277374090688,:47:13,29,0.487953956655955,29,2,4,40259,24
APP_0010,25,38571,25,13713,72,139185,deposit,1,780,40606,283701,8584,5473,1.052759845479737,0.098523547796098,10.14985779916793,0.0049378635070566,0.0,3111,0.362418452935652,:47:13,25,1.052759845479737,11,0,2,13713,72
APP_0011,44,108248,25,78174,48,72003,house,2,336,18466,158892,7375,1702,0.1705897568546285,1.0857047623015557,0.9210607107222232,0.0150453126151619,0.0,5673,0.7692203389829465,:47:13,25,0.1705897568546285,25,0,3,78174,48
APP_0012,63,109030,13,22435,60,51824,land,0,313,25288,126593,8667,5835,0.2319361643584313,0.4329075331892476,2.309962112770122,0.0034294842397544,1.0061345248794022,2832,0.3267566632052236,:47:13,13,0.2319361643584313,9,0,2,22435,60
APP_0013,53,39859,23,40755,36,150837,land,0,817,2281,279686,7898,1472,0.0572267242028134,0.2701923268163629,3.7010673536988414,0.0284022010913936,2.0641295122477805,6426,0.8136237022029863,:47:13,23,0.0572267242028134,17,0,3,40755,36
APP_0014,54,60154,11,98102,72,71501,car,0,586,36828,75159,2277,3481,0.6122286132260429,1.3720367547306838,0.7288434486554736,0.0226506596029994,0.0,0,0.0,:47:13,11,0.6122286132260429,17,1,0,98102,72
APP_0015,52,55484,20,61236,12,55398,deposit,0,578,24492,126832,9388,4820,0.4414245548266087,1.10538286580741,0.9046639231824268,0.0919724605214955,0.0,4568,0.4865786109927049,:47:13,20,0.4414245548266087,6,0,4,61236,12
APP_0016,55,107427,19,48563,12,186633,house,2,555,22985,255534,6191,837,0.2139592467442987,0.2602058585566311,3.843111010439968,0.0376713178840457,1.7445250325829011,5354,0.8648037473750824,:47:13,19,0.2139592467442987,5,2,0,48563,12
APP_0017,43,116286,7,56586,48,100664,house,0,538,26621,193289,2040,773,0.2289269559534232,0.5621274735754533,1.7789559254939071,0.0101377207916295,0.6006319166487267,1267,0.6210784313722446,:47:13,7,0.2289269559534232,6,0,1,56586,48
APP_0018,26,115874,7,79487,60,17325,car,0,679,10774,125766,5794,5158,0.0929803061946589,4.587994227993963,0.2179601695874769,0.0114329645417543,0.0,636,0.1097687262685347,:47:13,7,0.0929803061946589,20,0,3,79487,60
APP_0019,57,142345,1,29175,60,102995,house,0,618,29898,84190,6069,738,0.2100389897783539,0.2832661779698016,3.530248500428328,0.0034159963468466,1.6985753223329914,5331,0.8783984181906609,:47:13,1,0.2100389897783539,18,0,2,29175,60
APP_0020,40,121080,4,65458,36,96467,car,0,389,37260,20183,2410,3837,0.3077304261645168,0.6785532876527653,1.4737236090317232,0.0150171603710543,0.3279444409402158,0,0.0,:47:13,4,0.3077304261645168,28,0,3,65458,36
APP_0021,43,65084,13,87905,48,173881,car,1,644,17483,34665,11958,5654,0.2686220883780918,0.5055468970157723,1.9780558557533476,0.0281383161242161,0.7153284492304741,6304,0.5271784579360657,:47:13,13,0.2686220883780918,21,0,2,87905,48
APP_0022,37,38467,14,59379,48,144619,deposit,0,667,6557,56963,3834,3842,0.1704577949931065,0.4105892033550197,2.435524343623125,0.0321590584130344,1.1908280293502207,0,0.0,:47:13,14,0.1704577949931065,7,1,1,59379,48
APP_0023,29,101830,4,47421,72,44740,car,0,362,19341,238119,4971,3093,0.1899342040655976,1.0599240053643035,0.9434638662195876,0.0064678876558071,0.0,1878,0.3777911888955184,:47:13,4,0.1899342040655976,27,0,3,47421,72
APP_0024,61,139501,12,18787,48,36887,deposit,1,507,9929,195382,6130,2736,0.0711751170242502,0.5093122238186758,1.9634321605364369,0.0028056847859526,0.894859763765404,3394,0.553670473083107,:47:13,12,0.0711751170242502,28,0,3,18787,48
APP_0025,55,146894,18,28587,36,123890,deposit,1,734,18696,135705,10241,3973,0.1272754503247231,0.2307450157397672,4.3337880854932544,0.0054058255157546,2.0140431291719216,6268,0.6120496045307477,:47:13,18,0.1272754503247231,21,0,0,28587,36
APP_0026,49,53776,6,94872,72,17095,deposit,0,640,31341,237042,9300,3602,0.5828064564117714,5.549692892658348,0.1801901509402122,0.0245028761277956,0.0,5698,0.6126881720429448,:47:13,6,0.5828064564117714,20,0,3,94872,72
APP_0027,38,54556,10,56419,12,69251,house,0,375,5669,56626,9595,3209,0.103911577095093,0.8147030367792405,1.227441110264251,0.0861790331575161,0.2038073458004625,6386,0.6655549765502172,:47:13,10,0.103911577095093,3,1,0,56419,12
APP_0028,57,29676,11,33627,72,34535,deposit,0,322,37363,71170,3989,1260,1.259030866693582,0.973707832633532,1.027002111398548,0.0157380262387169,0.0,2729,0.6841313612432479,:47:13,11,1.259030866693582,2,0,1,33627,72
APP_0029,44,42657,15,44744,12,11947,land,0,619,11230,123891,10377,4110,0.2632627704714287,3.745208002008559,0.2670078669765719,0.0874104289180171,0.0,6267,0.6039317721884355,:47:13,15,0.2632627704714287,7,1,4,44744,12
APP_0030,40,94356,10,59911,24,184414,deposit,0,553,44734,276044,10212,4542,0.4740980965704303,0.3248722981986165,3.0781325633021805,0.0264560988867971,1.0651528303061353,5670,0.5552291421856095,:47:13,10,0.4740980965704303,13,0,1,59911,24
APP_0031,40,93350,22,56066,60,25245,car,0,828,36622,188127,6370,4369,0.3923085163363642,2.2208754208753327,0.4502728926622115,0.0100099982144375,0.0,2001,0.3141287284143934,:47:13,22,0.3923085163363642,2,0,2,56066,60
APP_0032,30,71365,9,71478,60,9777,deposit,1,587,13629,256789,7230,820,0.190975968612062,7.310831543417478,0.1367833459246182,0.0166930568202918,0.0,6410,0.8865836791146767,:47:13,9,0.190975968612062,26,0,1,71478,60
APP_0033,25,63744,13,29461,72,187115,land,1,812,28161,81966,1889,4336,0.4417827560240894,0.1574486278491828,6.351277960693583,0.0064191226711512,1.4109801146104528,0,0.0,:47:13,13,0.4417827560240894,14,0,2,29461,72
APP_0034,45,128723,11,66677,60,44157,house,1,417,5536,256030,9484,4486,0.0430070772123082,1.5099984147473446,0.6622523508856027,0.0086331373050255,0.0,4998,0.5269928300294678,:47:13,11,0.0430070772123082,20,0,0,66677,60
APP_0035,60,82504,5,47054,48,164779,car,2,546,4986,31019,11589,1427,0.0604334335304947,0.2855582325417664,3.501912696051271,0.0118817471473653,2.013796795179412,10162,0.8768659936145589,:47:13,5,0.0604334335304947,6,1,0,47054,48
APP_0036,23,126031,20,94356,36,14006,house,1,376,47802,76021,6461,5154,0.3792876355817189,6.736827074110614,0.1484378311925034,0.0207964707090094,0.0,1307,0.2022906670793681,:47:13,20,0.3792876355817189,9,0,2,94356,36
APP_0037,58,145401,7,20002,12,37482,deposit,1,615,40121,161677,7175,3333,0.2759334530023846,0.5336428152179571,1.8739126087390323,0.0114636992399943,0.6327708849874046,3842,0.5354703832751867,:47:13,7,0.2759334530023846,3,0,2,20002,12
APP_0038,57,64642,8,19101,12,29240,car,1,403,7721,24655,6741,3045,0.1194424677454268,0.6532489740081856,1.530809905240483,0.0246240834112083,0.4674086602549198,3696,0.5482866043612894,:47:13,8,0.1194424677454268,22,0,3,19101,12
APP_0039,33,50342,23,48857,24,143602,house,0,570,14134,258895,2367,4447,0.2807596043065377,0.3402250665032497,2.9392308164643155,0.0404375736611273,1.39477313977477,0,0.0,:47:13,23,0.2807596043065377,23,0,0,48857,24
APP_0040,48,144112,28,53293,12,127068,land,0,489,9883,261552,8007,3255,0.0685786055290325,0.4194053577611954,2.384328148162003,0.0308168877884091,1.28939285416649,4752,0.5934807043835901,:47:13,28,0.0685786055290325,6,0,3,53293,12
APP_0041,28,104353,20,70633,48,99296,car,0,402,19758,167025,9075,3450,0.1893381119852789,0.7113378182404053,1.4058018206786995,0.0141013754592839,0.3289680701112256,5625,0.6198347107437333,:47:13,20,0.1893381119852789,21,0,0,70633,48
APP_0042,54,61364,27,43383,60,54394,house,0,353,14566,98682,11243,2148,0.2373704452121726,0.7975695848806708,1.253809095728713,0.0117829672118495,0.1935623176767208,9095,0.8089477897357636,:47:13,27,0.2373704452121726,2,0,1,43383,60
APP_0043,51,102732,25,91803,72,25061,deposit,0,581,16403,38699,11262,5596,0.1596678736907666,3.6631818363192346,0.2729867215668303,0.0124113388880674,0.0,5666,0.5031077961285293,:47:13,25,0.1596678736907666,11,0,0,91803,72
APP_0044,36,89382,14,50046,36,117288,deposit,0,821,26469,189485,6664,5828,0.2961334496878532,0.4266932678534852,2.343603884426281,0.0155530942094385,0.9457178311171468,836,0.1254501800720099,:47:13,14,0.2961334496878532,4,0,3,50046,36
APP_0045,23,138191,23,17286,72,52297,land,0,409,9452,165924,11569,1130,0.0683980867060802,0.3305352123448701,3.0253962744415697,0.0017373297344255,1.87102403118728,10439,0.9023251793585528,:47:13,23,0.0683980867060802,22,1,1,17286,72
APP_0046,63,56995,9,16325,72,121317,land,0,522,44141,230390,7050,4505,0.774471444863571,0.1345648177914048,7.4313629402751955,0.0039781754734267,0.5855410386232099,2545,0.3609929078013672,:47:13,9,0.774471444863571,10,0,2,16325,72
APP_0047,40,148922,13,97473,72,139993,car,0,423,36382,184735,8241,530,0.2443023864841981,0.6962705278121,1.43622336441885,0.0090906089540017,0.3296529554511719,7711,0.9356874165755448,:47:13,13,0.2443023864841981,14,0,1,97473,72
APP_0048,60,142005,16,17738,36,171091,land,1,744,38027,47205,7820,2466,0.2677863455512111,0.1036758216387764,9.645450445370974,0.003469752629897,1.9689024066260388,5354,0.6846547314577129,:47:13,16,0.2677863455512111,13,0,2,17738,36
APP_0049,50,47587,28,95045,24,102845,land,1,528,8473,45311,11986,5831,0.1780528295542863,0.9241577130633388,1.0820663896049123,0.0832203823138302,0.0674542367244701,6155,0.5135157683964197,:47:13,28,0.1780528295542863,14,0,4,95045,24
APP_0050,55,45575,25,31417,72,8910,house,0,835,35407,236443,9243,1378,0.7768952276467191,3.526038159371097,0.283604417990251,0.0095742670809907,0.0,7865,0.850914205344493,:47:13,25,0.7768952276467191,7,0,0,31417,72
APP_0051,54,91644,14,13873,24,61888,house,0,434,41812,56116,2760,2511,0.4562437257212642,0.224163004136501,4.4610394291065765,0.0063074687556476,1.2655987029550295,249,0.0902173913043151,:47:13,14,0.4562437257212642,16,0,2,13873,24
APP_0052,29,30613,19,33946,36,171846,car,0,344,8759,282168,2254,1629,0.2861202756998567,0.1975373299349406,5.062334295645877,0.0308020920660575,1.7185854890016046,625,0.2772848269741449,:47:13,19,0.2861202756998567,24,0,3,33946,36
APP_0053,37,62349,6,63396,12,110384,car,1,620,37563,40724,5803,4478,0.602463551941481,0.5743223655602209,1.7411824089847665,0.0847327142305356,0.2946470222312705,1325,0.2283301740478669,:47:13,6,0.602463551941481,14,0,2,63396,12
APP_0054,41,79387,24,45650,60,126870,house,1,658,17884,221228,6914,2997,0.2252761787194348,0.3598171356506632,2.779189485213521,0.0095838529396581,1.3783804767668435,3917,0.5665316748625157,:47:13,24,0.2252761787194348,5,0,4,45650,60
APP_0055,42,146171,16,79630,48,95902,house,0,844,39378,292816,8520,3721,0.2693968023752983,0.8303267919334234,1.2043450960693054,0.0113494354783011,0.1492951806071782,4799,0.5632629107980559,:47:13,16,0.2693968023752983,0,0,2,79630,48
APP_0056,22,149046,15,63043,12,39246,deposit,1,779,23920,137954,6556,5678,0.1604873663164381,1.6063547877490292,0.6225274812429513,0.035248066589479,0.0,878,0.1339231238559893,:47:13,15,0.1604873663164381,3,0,1,63043,12
APP_0057,45,43942,22,43074,24,180167,car,0,786,40110,26447,6903,3317,0.912794137726983,0.2390781885694925,4.18273204253136,0.0408436120323421,0.1990705280644302,3586,0.5194842821960713,:47:13,22,0.912794137726983,2,1,2,43074,24
APP_0058,27,136459,18,65289,48,156403,land,0,648,7371,264236,11177,4511,0.0540162246535585,0.4174408419275818,2.395549020508778,0.0099677375619904,1.3201667311019425,6666,0.5964033282633446,:47:13,18,0.0540162246535585,2,0,1,65289,48
APP_0059,53,36366,2,97288,48,199075,land,2,497,19454,64319,5016,948,0.53495022823515,0.4887002386035389,2.046244141106796,0.055734293936398,0.4865555990320339,4068,0.8110047846888334,:47:13,2,0.53495022823515,3,0,0,97288,48
APP_0060,51,118576,8,44122,60,172254,land,0,535,13671,162962,6681,1605,0.1152931453245166,0.2561449951815328,3.90403880150483,0.006201648450398,1.974280864942688,5076,0.7597665020205419,:47:13,8,0.1152931453245166,17,0,2,44122,60
APP_0061,61,130705,5,19577,24,63897,land,0,373,12418,295515,7352,5702,0.095007842087142,0.3063837112853451,3.2638810849464543,0.0062408349588718,1.8831519056621504,1650,0.2244287268770097,:47:13,5,0.095007842087142,24,0,4,19577,24
APP_0062,53,136349,22,43834,72,56818,car,0,537,15416,225983,6417,5213,0.1130628020740884,0.7714808687387664,1.296208422685557,0.0044650533230687,0.2627182684188177,1204,0.187626616799098,:47:13,22,0.1130628020740884,25,0,1,43834,72
APP_0063,37,52927,1,84810,36,55707,deposit,0,500,19121,23431,11665,4077,0.3612711848394891,1.522429856211939,0.6568447117085172,0.0445109931276635,0.0,7588,0.6504929275610244,:47:13,1,0.3612711848394891,19,2,4,84810,36
APP_0064,63,136680,6,25674,60,184408,car,1,319,6363,247946,11603,2517,0.0465539947322209,0.1392238948418716,7.182675079847036,0.0031306701784669,2.4621106166789257,9086,0.7830733431008546,:47:13,6,0.0465539947322209,18,1,1,25674,60
APP_0065,39,39497,17,95168,24,114931,deposit,2,412,35354,56760,6887,1518,0.8951059574144646,0.8280446528786765,1.20766434095493,0.1003958106481001,0.0217827522236256,5369,0.7795847248437956,:47:13,17,0.8951059574144646,9,0,4,95168,24
APP_0066,35,89857,20,60889,12,95255,car,0,594,27511,227312,6231,5169,0.3061642387348753,0.6392210382657011,1.5644040795545735,0.0564684257532572,0.3916037341989083,1062,0.1704381319210126,:47:13,20,0.3061642387348753,27,0,3,60889,12
APP_0067,60,83693,15,62149,12,193906,house,0,503,41463,190077,7684,4797,0.4954177768750015,0.3205109692325131,3.120018021207049,0.0618819176382933,1.028574257201127,2887,0.3757157730348287,:47:13,15,0.4954177768750015,19,0,2,62149,12
APP_0068,37,64491,25,35118,36,123857,deposit,1,846,35251,93477,3399,1753,0.5466034020250803,0.2835366592118307,3.526880801867888,0.0151261416317453,0.9745261238613044,1646,0.4842600764929437,:47:13,25,0.5466034020250803,21,0,3,35118,36
APP_0069,24,27764,27,92443,72,182610,house,0,563,7452,132846,5972,3703,0.2684051289439465,0.5062318602486146,1.9753794229957704,0.0462444372402275,0.7135825831973305,2269,0.3799397186871433,:47:13,27,0.2684051289439465,22,0,1,92443,72
APP_0070,41,121501,3,8425,12,197052,deposit,1,827,3496,44174,3777,3864,0.0287734257331213,0.0427552118222599,23.388961424329565,0.0057784160893722,2.7891047290700715,0,0.0,:47:13,3,0.0287734257331213,25,0,1,8425,12
APP_0071,56,66947,28,33373,36,23253,house,0,663,21140,296167,3012,3073,0.3157721779915408,1.435212660731887,0.6967608545830254,0.0138471892355447,0.0,0,0.0,:47:13,28,0.3157721779915408,21,1,2,33373,36
APP_0072,29,107707,18,44748,12,77414,house,0,322,24056,79118,2499,5589,0.2233466719897479,0.5780349807528279,1.7299991061052622,0.0346217051787647,0.5669562352011885,0,0.0,:47:13,18,0.2233466719897479,27,0,3,44748,12
APP_0073,41,76277,19,50341,72,148954,land,1,411,12012,99516,7664,1094,0.1574786632929958,0.3379633980960542,2.958900299954253,0.0091663352720457,1.6504152991932308,6570,0.8572546972859006,:47:13,19,0.1574786632929958,16,1,1,50341,72
APP_0074,26,71707,2,50042,60,164126,deposit,0,688,39110,155833,1505,1844,0.5454139763202959,0.3048998939838886,3.279764997402117,0.0116311285274718,0.9479483797596148,0,0.0,:47:13,2,0.5454139763202959,16,1,3,50042,60
APP_0075,51,135786,18,19052,60,36509,car,0,599,29079,204990,8284,932,0.2141531527550689,0.521843928894231,1.916281755196204,0.0023384835942441,0.7200571285090516,7352,0.8874939642683621,:47:13,18,0.2141531527550689,7,1,1,19052,60
APP_0076,41,36808,21,26431,60,69132,house,0,465,37399,156530,6035,4280,1.0160562921103833,0.3823265636752823,2.6155650561839274,0.0119679598635979,0.0,1755,0.2908036454017745,:47:13,21,1.0160562921103833,28,0,2,26431,60
APP_0077,35,117077,17,14048,48,113249,house,0,587,5450,156490,5348,4006,0.0465505607420753,0.1240452454326296,8.061574601366168,0.0024997793474428,2.505535708672717,1342,0.2509349289453532,:47:13,17,0.0465505607420753,16,0,3,14048,48
APP_0078,30,118348,2,59383,60,161448,deposit,0,796,40753,178966,9577,5928,0.344348869435898,0.3678150240325035,2.718757893673228,0.0083627663048819,1.1269055561528416,3649,0.3810170199435751,:47:13,2,0.344348869435898,14,0,1,59383,60
APP_0079,45,72498,15,38332,12,29689,land,0,513,10304,258731,7156,3436,0.1421280587050657,1.2911179224628215,0.7745225920901395,0.0440609855867347,0.0,3720,0.5198434879820403,:47:13,15,0.1421280587050657,9,1,4,38332,12
APP_0080,50,57807,28,58748,72,123340,house,2,324,22412,124579,9201,1243,0.3877039112910134,0.476309388681689,2.0994757268332185,0.0141149764636306,0.6732046871704652,7958,0.864905988479419,:47:13,28,0.3877039112910134,8,0,4,58748,72
APP_0081,62,25663,21,61022,60,64917,car,2,471,21968,251317,8949,2924,0.8560183922378188,0.940000308085695,1.0638294385631235,0.0396303368006991,0.0091902651868804,6025,0.6732595820761343,:47:13,21,0.8560183922378188,18,0,3,61022,60
APP_0082,40,142101,4,71690,60,49540,car,0,814,41027,238198,1837,895,0.2887171800339175,1.447113443681844,0.6910308271725388,0.0084083386697729,0.0,942,0.5127925966246528,:47:13,4,0.2887171800339175,13,0,0,71690,60
APP_0083,28,143466,28,56968,36,106956,house,0,718,13842,288691,3762,4157,0.0964827903475381,0.5326302404727128,1.8774750737255677,0.0110301008211037,0.7928138301521371,0,0.0,:47:13,28,0.0964827903475381,17,0,0,56968,36
APP_0084,57,55121,28,66555,60,87493,deposit,1,760,12037,274814,7484,4175,0.2183741223852938,0.7606894265826893,1.3145969498910477,0.0201239092175666,0.2458971170535206,3309,0.4421432389096149,:47:13,28,0.2183741223852938,19,1,3,66555,60
APP_0085,48,28988,5,60779,36,130056,land,2,801,16981,241472,11743,5202,0.5857941217055131,0.4673294580795928,2.13981802925349,0.0582415328932178,0.4721193279028429,6541,0.5570126884100692,:47:13,5,0.5857941217055131,26,0,2,60779,36
APP_0086,51,40344,24,66981,12,68986,house,0,364,18040,81550,3119,2302,0.4471544715447044,0.9709361319687912,1.0299338618414022,0.1383539063933848,0.0165488016684341,817,0.2619429304263347,:47:13,24,0.4471544715447044,9,0,4,66981,12
APP_0087,25,33455,12,63581,72,166068,land,0,455,9084,234546,2608,2136,0.2715289194440212,0.3828612375653324,2.611912363756427,0.0263957388860305,1.1742315413872022,472,0.1809815950919551,:47:13,12,0.2715289194440212,20,0,0,63581,72
APP_0088,34,128889,17,35040,24,22996,car,0,332,8817,223591,11381,798,0.0684076996485342,1.5237432596972724,0.6562785388127668,0.0113275764412723,0.0,10583,0.929883138564192,:47:13,17,0.0684076996485342,27,0,1,35040,24
APP_0089,54,136488,13,28397,12,173480,house,0,302,11566,93955,11651,2724,0.0847400504073612,0.1636903389439695,6.109096031270694,0.0173379100468132,2.296322214665937,8927,0.7662003261521958,:47:13,13,0.0847400504073612,13,0,1,28397,12
APP_0090,57,44160,23,79806,48,13728,car,0,759,23374,206611,3257,3061,0.5293025362318721,5.813374125873702,0.1720171415683009,0.0376500226441423,0.0,196,0.0601780779858581,:47:13,23,0.5293025362318721,7,0,2,79806,48
APP_0091,40,118342,29,37556,24,149291,house,0,815,17167,83361,5717,4625,0.1450626151324116,0.2515623848724956,3.975157098732454,0.0132229752181653,1.9196018922409293,1092,0.1910092705964332,:47:13,29,0.1450626151324116,8,0,2,37556,24
APP_0092,56,47408,23,57168,72,74523,house,1,385,19603,161696,8079,4621,0.4134956125548343,0.7671188760516784,1.3035789252728571,0.0167482281469151,0.1780503716084369,3458,0.4280232702066557,:47:13,23,0.4134956125548343,10,0,4,57168,72
APP_0093,58,70901,27,23712,36,81600,deposit,1,697,35952,241057,3549,1185,0.5070732429725884,0.2905882352941141,3.441295546558559,0.0092899488956201,1.0490641217206966,2364,0.6661031276414014,:47:13,27,0.5070732429725884,18,0,2,23712,36
APP_0094,38,99922,28,45984,12,11654,land,1,594,12046,64673,4925,1996,0.1205540321450719,3.945769692808997,0.2534359777313793,0.0383499129288908,0.0,2929,0.5947208121826203,:47:13,28,0.1205540321450719,7,0,1,45984,12
APP_0095,60,114990,2,55318,72,142803,house,0,338,45494,107716,5650,3264,0.395634402991561,0.3873728142966157,2.581492461766467,0.0066814988742053,0.9557996358198518,2386,0.4223008849556774,:47:13,2,0.395634402991561,25,0,3,55318,72
APP_0096,33,134320,7,64471,48,39773,deposit,0,803,37589,240617,8236,2276,0.2798466349017252,1.6209740276066271,0.6169130306649406,0.0099995967339587,0.0,5960,0.7236522583777655,:47:13,7,0.2798466349017252,10,1,3,64471,48
APP_0097,31,30598,21,55005,24,134558,land,1,779,8734,141599,4734,543,0.2854434930387514,0.4087828297091187,2.446286701208937,0.0749027714198454,1.0334535732803831,4191,0.8852978453737039,:47:13,21,0.2854434930387514,1,0,2,55005,24
APP_0098,51,49554,17,39262,60,147235,deposit,1,612,15692,288581,5828,5135,0.3166646486660953,0.2666621387577664,3.750063674799966,0.0132051230305474,1.503347055175248,693,0.1189087165408169,:47:13,17,0.3166646486660953,0,1,2,39262,60
APP_0099,49,60063,1,96368,48,170285,land,0,689,9177,12308,4540,4495,0.1527895709504994,0.5659218369204536,1.7670284741822828,0.0334260137959277,0.6498345227051693,45,0.0099118942731255,:47:13,1,0.1527895709504994,0,0,0,96368,48
APP_0100,27,63790,2,53710,12,143953,car,1,518,13640,219332,9476,3312,0.2138266185922525,0.3731078893805591,2.680189908769267,0.0701651251443843,1.3209205819843293,6164,0.6504854368931352,:47:13,2,0.2138266185922525,18,0,2,53710,12
APP_0101,57,149753,15,81788,60,65888,land,0,736,18274,246117,3106,2177,0.122027605456985,1.24131860126273,0.8055949528048025,0.0091025444118689,0.0,929,0.2990985189953963,:47:13,15,0.122027605456985,10,0,2,81788,60
APP_0102,29,122175,18,74987,36,149807,land,1,544,6544,276179,3922,5119,0.0535625127890316,0.500557383833863,1.9977729473108403,0.0170490871468331,0.9443297210599728,0,0.0,:47:13,18,0.0535625127890316,8,0,3,74987,36
APP_0103,56,65052,5,58040,60,166582,land,0,844,721,55458,4124,597,0.0110834409395558,0.3484169958338815,2.870124052377621,0.0148701551576768,1.8493966428934736,3527,0.8552376333654569,:47:13,5,0.0110834409395558,18,0,2,58040,60
APP_0104,21,146478,5,89208,72,68893,house,0,334,21941,295413,11010,2899,0.1497904122120718,1.294877563758273,0.7722737871042868,0.0084586081185077,0.0,8111,0.736693914623003,:47:13,5,0.1497904122120718,2,0,2,89208,72
APP_0105,56,87413,3,17185,48,31841,car,0,394,35049,123760,11417,4885,0.4009586674750849,0.5397129487139053,1.852836776258257,0.0040957390013598,0.5108844788760529,6532,0.572129280896858,:47:13,3,0.4009586674750849,16,0,3,17185,48
APP_0106,55,87592,16,92500,60,178883,house,0,832,15148,112094,6752,5736,0.1729381678692098,0.5170977678147141,1.9338702702702493,0.017600541906121,0.7723684567022021,1016,0.1504739336492668,:47:13,16,0.1729381678692098,18,0,1,92500,60
APP_0107,55,79212,0,85771,24,36404,car,0,458,43022,113107,3142,1807,0.5431247790738708,2.356087243160028,0.4244325004955005,0.0451167962747779,0.0,1335,0.4248886059833148,:47:13,0,0.5431247790738708,0,0,1,85771,24
APP_0108,50,42987,17,52845,24,122015,house,0,470,18463,195084,9438,4044,0.4295019424477068,0.4331024873990867,2.308922319992387,0.0512218810316654,0.7467376410425135,5394,0.5715193897011474,:47:13,17,0.4295019424477068,5,0,3,52845,24
APP_0109,41,141796,14,74672,36,53365,house,0,735,45039,201195,6666,1462,0.3176323732686372,1.3992691839220202,0.7146587743732494,0.0146282139282108,0.0,5204,0.7806780678066635,:47:13,14,0.3176323732686372,11,0,4,74672,36
APP_0110,52,26742,13,54426,72,32197,deposit,1,404,11799,147440,10422,1049,0.4412160646174392,1.6904059384414172,0.591573880130809,0.0282670206662231,0.0,9373,0.8993475340624736,:47:13,13,0.4412160646174392,9,0,2,54426,72
APP_0111,33,46784,20,30532,48,157071,house,0,582,26966,30600,5279,2376,0.5763936388508769,0.1943834316964927,5.1444713742956525,0.0135961724803366,1.023792908941478,2903,0.5499147565825819,:47:13,20,0.5763936388508769,28,1,4,30532,48
APP_0112,55,53707,15,80987,36,35593,deposit,0,457,38157,296122,11987,5356,0.7104660472563966,2.2753631332002846,0.4394902885648259,0.0418872565741217,0.0,6631,0.5531826144989944,:47:13,15,0.7104660472563966,13,2,1,80987,36
APP_0113,45,59912,21,28362,60,136683,house,1,408,2951,74409,9973,4261,0.0492555748431024,0.2075020302451643,4.81922995557419,0.0078899051941533,2.260389080077709,5712,0.5727464153213102,:47:13,21,0.0492555748431024,19,0,4,28362,60
APP_0114,41,41477,22,34872,72,141074,deposit,0,830,46500,37204,3851,3139,1.1211032620488195,0.2471894183194618,4.045480614819797,0.0116771544066975,0.0,712,0.1848870423266204,:47:13,22,1.1211032620488195,4,0,2,34872,72
APP_0115,43,27245,27,54332,72,19563,car,0,409,18247,183240,9118,1983,0.6697375665259435,2.777283647702153,0.3600640506515431,0.0276972329271647,0.0,7135,0.7825180960736146,:47:13,27,0.6697375665259435,24,0,3,54332,72
APP_0116,46,109707,23,84551,24,41205,land,1,351,24896,129588,4512,1193,0.2269317363522817,2.051959713626937,0.4873390024955294,0.0321124297737292,0.0,3319,0.7355939716310426,:47:13,23,0.2269317363522817,6,0,3,84551,24
APP_0117,22,146163,15,41472,60,160517,car,1,670,31421,188514,5172,1916,0.2149723254175118,0.2583651575845533,3.870490933641882,0.0047289669751474,1.746611627192244,3256,0.6295436968289578,:47:13,15,0.2149723254175118,23,0,4,41472,60
APP_0118,27,40229,14,51943,48,105400,car,0,777,32149,263906,4129,1255,0.7991498670113402,0.4928178368121395,2.0291473345782487,0.0268996453630654,0.2067043790149718,2874,0.696052312908526,:47:13,14,0.7991498670113402,14,1,0,51943,48
APP_0119,31,62066,7,8958,36,31299,car,1,370,1183,38224,8663,1447,0.0190603551058547,0.2862072270679483,3.4939718687203065,0.0040091730307481,2.100562887623922,7216,0.8329677940666244,:47:13,7,0.0190603551058547,12,1,0,8958,36
APP_0120,26,88291,17,16006,36,198420,land,0,689,43358,92374,4260,4250,0.4910806310948965,0.0806672714444104,12.39660127452128,0.0050357466910416,1.4035986960909523,10,0.002347417840375,:47:13,17,0.4910806310948965,14,0,0,16006,36
APP_0121,40,140937,4,10314,12,58877,car,0,597,31180,159805,8207,1143,0.2212336008287375,0.1751787625048801,5.708454527825702,0.0060984695284302,1.9270291952521776,7064,0.860728646277463,:47:13,4,0.2212336008287375,16,0,3,10314,12
APP_0122,50,111782,27,11845,24,8769,land,1,756,49941,238459,7615,665,0.4467713943210852,1.350781160907589,0.7403123680877383,0.0044152159260533,0.0,6950,0.9126723571896372,:47:13,27,0.4467713943210852,7,1,1,11845,24
APP_0123,49,120773,25,87509,48,185439,deposit,0,369,23575,184186,9383,3437,0.1952009141115961,0.4719018113773237,2.119084894125151,0.0150952958577552,0.9006384998234565,5946,0.6336992433123059,:47:13,25,0.1952009141115961,3,0,2,87509,48
APP_0124,41,97639,3,84989,72,11183,car,1,836,30675,121007,11931,2004,0.3141674945462334,7.599839041401449,0.1315817341067652,0.0120894599264778,0.0,9927,0.8320341966305563,:47:13,3,0.3141674945462334,8,0,1,84989,72
APP_0125,58,77129,23,83079,72,114244,car,0,640,22053,186917,1592,2946,0.2859235825694578,0.7272066804383536,1.3751248811372143,0.0149603262065365,0.2678678312115348,0,0.0,:47:13,23,0.2859235825694578,29,1,4,83079,72
APP_0126,45,49971,3,10278,24,198672,house,1,763,44488,294193,11897,1182,0.8902763602889499,0.0517335105097847,19.329830706361225,0.0085699705825808,0.3121417519286601,10715,0.9006472219886609,:47:13,3,0.8902763602889499,8,0,2,10278,24
APP_0127,24,133039,21,12376,60,118939,car,0,499,41619,149215,2648,1575,0.3128330790219386,0.1040533382658328,9.610455720749062,0.0015504225577704,1.8469947267133209,1073,0.4052114803623847,:47:13,21,0.3128330790219386,20,0,4,12376,60
APP_0128,54,125515,2,31658,12,120250,house,0,818,45430,266223,7031,2870,0.3619487710632166,0.263268191268189,3.798407985343237,0.021018736138683,1.4102179078744534,4161,0.591807708718448,:47:13,2,0.3619487710632166,7,2,0,31658,12
APP_0129,46,28137,14,58703,60,82529,house,0,644,25214,236187,5079,4264,0.8961154351920639,0.7113014819033223,1.4058736350782517,0.0347721268549238,0.0421640059471222,815,0.1604646583972907,:47:13,14,0.8961154351920639,25,0,3,58703,60
APP_0130,48,114425,19,36742,36,32366,deposit,0,369,39572,97382,8209,2720,0.3458335154030994,1.1352036087251705,0.8808992433726831,0.0089194766098558,0.0,5489,0.6686563527834488,:47:13,19,0.3458335154030994,14,0,4,36742,36
APP_0131,45,35548,21,51318,36,117956,house,1,807,17939,82355,9078,3433,0.5046416113423962,0.4350605310454709,2.2985307299582547,0.0401007088995263,0.6432380900145168,5645,0.6218330028639985,:47:13,21,0.5046416113423962,17,0,4,51318,36
APP_0132,45,117373,12,21434,60,180282,car,0,737,23046,233356,10529,3322,0.1963483935828495,0.1188915144052089,8.411029205934105,0.0030435733373721,2.1243127496281096,7207,0.6844904549339268,:47:13,12,0.1963483935828495,6,1,3,21434,60
APP_0133,24,128244,27,74423,36,25491,deposit,0,465,38010,70169,5720,1905,0.29638813511743,2.9195794594169344,0.3425150827029232,0.016120095719863,0.0,3815,0.6669580419579253,:47:13,27,0.29638813511743,18,0,0,74423,36
APP_0134,45,41382,23,34819,60,177033,deposit,0,600,4057,107688,11295,1965,0.0980377942100406,0.1966808448142425,5.084379218242768,0.0140234079226953,2.173690551494017,9330,0.8260292164673904,:47:13,23,0.0980377942100406,14,1,2,34819,60
APP_0135,55,79229,6,11321,48,87688,house,0,513,35524,78265,4885,2784,0.4483711772204565,0.1291054648298498,7.745605511879892,0.0029768666354712,1.4412315816031431,2101,0.4300921187307205,:47:13,6,0.4483711772204565,21,0,4,11321,48
APP_0136,34,40469,20,75555,72,110950,house,1,598,790,185845,3640,579,0.0195211149274748,0.6809824245155414,1.4684666799020385,0.0259303417427018,0.4593216880040002,3061,0.8409340659338349,:47:13,20,0.0195211149274748,7,0,0,75555,72
APP_0137,47,95910,21,90764,48,39757,car,0,830,29032,95300,5480,4238,0.3027004483369794,2.282969036899105,0.4380260896390591,0.0197155319218773,0.0,1242,0.2266423357663819,:47:13,21,0.3027004483369794,18,0,0,90764,48
APP_0138,22,140945,10,6394,24,127384,land,2,794,23860,200959,7049,3840,0.1692858916598661,0.0501946869308543,19.92242727556773,0.0018902172241339,2.367050021228871,3209,0.4552418782805426,:47:13,10,0.1692858916598661,25,0,0,6394,24
APP_0139,36,35108,22,46483,60,43011,deposit,0,418,23433,281104,8515,2114,0.6674547111769208,1.080723535839644,0.9253060258588964,0.0220666704641031,0.0,6401,0.7517322372283322,:47:13,22,0.6674547111769208,14,0,0,46483,60
APP_0140,40,74697,26,83581,36,60451,house,0,834,24715,250582,10244,2492,0.3308700483285763,1.3826239433590617,0.7232624639571108,0.0310814951655343,0.0,7752,0.7567356501365915,:47:13,26,0.3308700483285763,5,0,3,83581,36
APP_0141,64,146640,24,72085,48,146549,house,0,540,24596,284906,3860,2240,0.1677304964538995,0.4918832608888461,2.033002705139737,0.0102412086286281,0.859736648568445,1620,0.4196891191708757,:47:13,24,0.1677304964538995,2,0,2,72085,48
APP_0142,30,62618,22,86372,12,17699,car,0,687,20368,17090,4683,4047,0.3252738829090625,4.880049720322906,0.2049159449821677,0.1149456492712438,0.0,636,0.1358103779628153,:47:13,22,0.3252738829090625,25,0,2,86372,12
APP_0143,33,41527,19,44444,12,93858,deposit,1,720,22567,142082,11356,4654,0.5434295759385329,0.4735238338767023,2.1118261182611358,0.0891869546646263,0.5076269222971166,6702,0.5901725959844496,:47:13,19,0.5434295759385329,15,0,2,44444,12
APP_0144,38,86073,8,40364,48,122156,house,2,565,28408,73845,6117,1008,0.3300454265565237,0.3304299420413215,3.026360122881701,0.0097698077986027,1.3457445677106905,5109,0.8352133398723499,:47:13,8,0.3300454265565237,5,0,2,40364,48
APP_0145,64,88546,23,72371,24,33349,car,1,551,38173,276181,4036,2714,0.431109253947096,2.1701100482772446,0.4608061239999383,0.0340552744698535,0.0,1322,0.3275520317144877,:47:13,23,0.431109253947096,8,1,1,72371,24
APP_0146,58,107858,10,19593,72,64592,house,0,551,27608,216456,11849,477,0.2559661777522274,0.3033347783007136,3.29668759250736,0.002522993194721,1.555027463184036,11372,0.9597434382647514,:47:13,10,0.2559661777522274,22,0,1,19593,72
APP_0147,22,64217,15,27745,72,73952,house,0,774,32126,102864,6214,2932,0.5002725135088761,0.3751757897014228,2.665417192286802,0.0060007042094284,0.8322547474606133,3282,0.528162214354598,:47:13,15,0.5002725135088761,11,0,1,27745,72
APP_0148,31,144452,9,62079,60,135415,deposit,0,512,41830,173421,11842,1790,0.2895771605792908,0.4584351807406827,2.1813334622013536,0.0071625868799514,0.8392462725197993,10052,0.8488431008274911,:47:13,9,0.2895771605792908,18,1,0,62079,60
APP_0149,57,90127,9,68503,60,195528,house,0,453,49475,185575,11152,2280,0.5489475961698431,0.3503487991489692,2.854298351896956,0.0126678649755081,0.8363857290414288,8872,0.7955523672883074,:47:13,9,0.5489475961698431,24,0,3,68503,60
APP_0150,23,60805,4,16368,48,168559,car,1,498,5432,153725,11014,2956,0.0893347586547144,0.0971054645554369,10.298081622677769,0.0056080914397317,2.466704010089887,8058,0.7316143090611283,:47:13,4,0.0893347586547144,6,0,3,16368,48
APP_0151,58,145035,28,53289,12,44435,deposit,0,407,35646,147562,7609,2212,0.2457751577205485,1.1992573421851875,0.8338493873031801,0.0306184714009025,0.0,5397,0.7092916283347733,:47:13,28,0.2457751577205485,25,0,0,53289,12
APP_0152,33,140601,4,39667,36,11486,land,0,515,11258,26010,9883,2606,0.0800705542634826,3.4535086191882765,0.2895605919277916,0.007836794269461,0.0,7277,0.736314884144416,:47:13,4,0.0800705542634826,22,0,1,39667,36
APP_0153,61,87395,2,52665,36,17967,house,1,362,9839,141213,11585,4682,0.112580811259224,2.931207213224081,0.3411563657077691,0.0167391345800791,0.0,6903,0.5958567112645148,:47:13,2,0.112580811259224,10,0,3,52665,36
APP_0154,33,28107,28,96050,72,122377,car,1,349,39650,111000,4325,4937,1.4106806133702845,0.7848697059087836,1.2740968245705229,0.0474624747486107,0.0,0,0.0,:47:13,28,1.4106806133702845,7,0,1,96050,72
APP_0155,40,99617,16,12277,24,38002,deposit,0,698,3434,247292,1896,432,0.0344720278667292,0.3230619441081963,3.09538160788441,0.0051350840383202,1.960807885095156,1464,0.77215189873377,:47:13,16,0.0344720278667292,10,0,0,12277,24
APP_0156,50,94399,13,99569,36,52405,car,0,342,42391,260879,4868,2515,0.4490619604021181,1.899990458925639,0.5263184324438276,0.0292990980357704,0.0,2353,0.4833607230894651,:47:13,13,0.4490619604021181,2,0,1,99569,36
APP_0157,26,43526,22,47709,36,170699,land,0,612,38527,227620,8187,5142,0.8851491062812828,0.2794919712476331,3.5779203085370983,0.0304473188430629,0.2482529731011614,3045,0.3719311102967665,:47:13,22,0.8851491062812828,12,0,4,47709,36
APP_0158,45,104246,11,78349,12,175786,land,0,728,49741,18958,7246,3370,0.4771502024058431,0.445706711569747,2.243627870170618,0.0626314998444945,0.6502305802011695,3876,0.5349158156223385,:47:13,11,0.4771502024058431,18,0,2,78349,12
APP_0159,43,130099,3,45324,12,169093,land,0,698,33397,253955,2346,1549,0.2567045096426548,0.268041846794366,3.7307607448591535,0.0290317373668146,1.6321835832241154,797,0.3397271952257716,:47:13,3,0.2567045096426548,23,0,4,45324,12
APP_0160,55,38237,21,34541,36,56703,house,0,545,43645,124966,7388,3723,1.1414336898814983,0.6091564820203409,1.6416143134245784,0.0250927693646349,0.0,3665,0.4960747157552116,:47:13,21,1.1414336898814983,16,0,1,34541,36
APP_0161,64,115415,5,78206,12,126979,deposit,1,406,5926,130746,3331,1211,0.0513451457782779,0.6158971168460878,1.6236478019589082,0.0564672413995019,0.591626514653045,2120,0.6364455118581097,:47:13,5,0.0513451457782779,3,0,4,78206,12
APP_0162,50,42542,16,70328,12,125267,deposit,1,811,44494,284093,6807,522,1.0458840675097305,0.5614247966343845,1.7811824593333838,0.1377618980343693,0.0,6285,0.9233142353458316,:47:13,16,1.0458840675097305,19,1,0,70328,12
APP_0163,39,118603,28,18685,36,43567,house,0,759,8016,261515,7544,3941,0.067586823267539,0.428879656620827,2.331656408884007,0.0043761774808677,1.2416539825237491,3603,0.4775980911982399,:47:13,28,0.067586823267539,2,0,3,18685,36
APP_0164,38,77389,28,72013,24,114279,deposit,0,636,15717,24755,8185,3284,0.2030908785486283,0.6301507713578117,1.5869218057850445,0.0387721984589748,0.4677233406088305,4901,0.5987782529015762,:47:13,28,0.2030908785486283,5,1,4,72013,24
APP_0165,39,25813,10,76542,48,108849,deposit,0,347,6409,114351,5831,4636,0.2482857474915644,0.7031943334343843,1.4220819941992444,0.0617760430777792,0.3172850507667716,1195,0.2049391185045095,:47:13,10,0.2482857474915644,28,0,0,76542,48
APP_0166,56,145778,23,41844,12,84063,land,0,319,20083,227414,5787,2331,0.1377642717008044,0.4977695299953547,2.0089618583308955,0.023919933046889,0.8699629627440805,3456,0.5972006220838781,:47:13,23,0.1377642717008044,7,0,0,41844,12
APP_0167,35,45746,18,92936,24,152319,car,0,473,37449,166265,8625,5183,0.8186289511651114,0.6101405602715314,1.638966600671412,0.0846485667199733,0.1158900425342406,3442,0.3990724637680696,:47:13,18,0.8186289511651114,17,0,3,92936,24
APP_0168,28,99505,14,65884,36,138103,car,0,386,13404,84707,9366,2759,0.1347067986533326,0.4770642201834828,2.0961538461538143,0.0183921522643109,0.9484944707069156,6607,0.7054238735852332,:47:13,14,0.1347067986533326,20,0,1,65884,36
APP_0169,35,47683,4,36694,72,110269,deposit,0,773,41109,162185,9981,4532,0.8621311578549827,0.3327680490436991,3.005096201013708,0.010688062598448,0.2759714895615184,5449,0.5459372808335291,:47:13,4,0.8621311578549827,24,0,4,36694,72
APP_0170,21,141627,11,6019,48,147347,house,0,413,30314,261316,5002,961,0.2140411079808213,0.0408491520017371,24.48031234423916,0.0008853949693965,2.261559413315912,4041,0.8078768492601343,:47:13,11,0.2140411079808213,2,0,3,6019,48
APP_0171,25,117290,19,69121,72,154516,deposit,0,455,31446,74753,5952,944,0.2681046977576923,0.4473387869217399,2.2354421955700547,0.0081849594072431,0.9042143391296608,5008,0.8413978494622242,:47:13,19,0.2681046977576923,25,0,4,69121,72
APP_0172,24,125545,29,24860,36,116852,deposit,0,836,46940,226359,4972,4783,0.3738898402963051,0.2127477492896979,4.700402252614452,0.0055004624281044,1.4787198972579612,189,0.0380128720836608,:47:13,29,0.3738898402963051,26,0,2,24860,36
APP_0173,54,79009,0,76870,36,59393,land,1,750,21592,223080,7039,5070,0.2732853219253468,1.294260266361334,0.7726421230649047,0.0270257537460091,0.0,1969,0.2797272339820599,:47:13,0,0.2732853219253468,20,0,4,76870,36
APP_0174,52,83422,21,54883,36,153617,car,0,420,17232,266854,2835,5677,0.2065642156745198,0.357271656131806,2.7989905799609573,0.0182748888510873,1.427383501805492,0,0.0,:47:13,21,0.2065642156745198,12,1,4,54883,36
APP_0175,51,104287,25,49339,72,145781,land,0,510,49727,96403,6015,2217,0.4768283678694326,0.3384460252021845,2.954680881250067,0.006570942580373,1.0226335869380274,3798,0.6314214463839348,:47:13,25,0.4768283678694326,8,0,4,49339,72
APP_0176,41,123095,28,20556,72,196816,house,1,583,27850,72618,3481,524,0.2262480198220867,0.1044427282334764,9.574625413504108,0.0023193468458997,2.078817637176232,2957,0.8494685435217324,:47:13,28,0.2262480198220867,18,0,4,20556,72
APP_0177,52,130872,12,72593,72,36758,deposit,0,665,30730,168819,7090,5887,0.2348095849379528,1.9748898199030969,0.5063573622801026,0.0077039864225892,0.0,1203,0.1696755994358011,:47:13,12,0.2348095849379528,20,0,4,72593,72
APP_0178,28,27229,3,20761,60,88500,car,0,814,14814,164074,10430,3767,0.5440522971831303,0.2345875706214662,4.262800443138372,0.0127076523802154,1.046964116647866,6663,0.6388302972194977,:47:13,3,0.5440522971831303,9,0,2,20761,60
APP_0179,60,107945,8,44686,48,185451,house,1,779,10771,128765,11846,1783,0.0997822965399036,0.2409585281287227,4.150091751331421,0.0086243766113662,2.0499077119167977,10063,0.8494850582474379,:47:13,8,0.0997822965399036,20,0,0,44686,48
APP_0180,43,38642,25,84448,48,106799,deposit,0,837,8489,235988,6185,4677,0.2196832462087826,0.7907190142229722,1.2646717506631149,0.0455290443894372,0.2065278012976969,1508,0.2438156831042451,:47:13,25,0.2196832462087826,5,0,0,84448,48
APP_0181,62,60991,26,92434,72,188983,land,0,322,11177,241724,2091,5461,0.1832565460477745,0.4891127773397581,2.044518250860051,0.0210490983184027,0.8531034439235884,0,0.0,:47:13,26,0.1832565460477745,7,1,1,92434,72
APP_0182,27,128678,19,98967,24,10394,land,0,429,9759,81252,3892,1994,0.075840470010413,9.521550894746053,0.1050249072923287,0.0320460762510153,0.0,1898,0.4876670092496177,:47:13,19,0.075840470010413,0,0,1,98967,24
APP_0183,42,56314,3,96011,36,14752,house,0,609,37336,240703,2600,4710,0.6629967681215921,6.508337852494136,0.1536490610450869,0.0473589555376654,0.0,0,0.0,:47:13,3,0.6629967681215921,8,0,3,96011,36
APP_0184,51,124602,3,57817,72,160837,deposit,0,327,2897,76916,9473,4810,0.0232500280894365,0.3594757425219299,2.781828873860581,0.0064446308155385,1.7404013024927765,4663,0.4922411063020698,:47:13,3,0.0232500280894365,6,0,3,57817,72
APP_0185,42,82875,14,24045,36,76818,land,0,495,31469,128213,11839,3209,0.3797164404223181,0.3130125751776886,3.194759825327378,0.0080593262943964,1.2783810157616653,8630,0.7289467015794637,:47:13,14,0.3797164404223181,24,0,2,24045,36
APP_0186,40,54080,17,84711,24,107884,deposit,0,384,47464,17882,7316,3941,0.8776627218934749,0.7852044788847208,1.2735536116915007,0.0652667344647349,0.03346580427055,3375,0.4613176599233923,:47:13,17,0.8776627218934749,26,1,1,84711,24
APP_0187,28,66780,0,81154,48,90177,deposit,0,813,38277,108714,3356,1909,0.5731805929919052,0.8999412266985939,1.11118367548117,0.0253175851047931,0.0474553504378635,1447,0.4311680572108369,:47:13,0,0.5731805929919052,26,0,3,81154,48
APP_0188,37,91346,20,99080,24,86328,house,0,334,20143,287969,1722,5603,0.220513213495936,1.1477156890000793,0.8712959224868705,0.0451944620800174,0.0,0,0.0,:47:13,20,0.220513213495936,29,0,2,99080,24
APP_0189,31,120643,16,66840,72,188379,house,0,381,2970,138343,11748,5905,0.0246180880780482,0.3548166196869059,2.81835727109511,0.0076948793823133,1.773592791637951,5843,0.4973612529791881,:47:13,16,0.0246180880780482,18,0,1,66840,72
APP_0190,34,100751,0,18451,72,26061,deposit,0,407,41706,215904,4821,5893,0.4139512262905538,0.707992786155531,1.41244376998529,0.0025435369265349,0.2417121656240344,0,0.0,:47:13,0,0.4139512262905538,13,0,0,18451,72
APP_0191,51,141652,2,52775,24,156265,land,1,381,157,41298,2676,4527,0.0011083500409454,0.3377275781524952,2.9609663666508204,0.0155236659788897,1.9587929294980757,0,0.0,:47:13,2,0.0011083500409454,17,0,4,52775,24
APP_0192,48,133467,13,47583,48,178814,car,0,612,34066,194312,3358,637,0.2552391227794117,0.2661033252429884,3.7579387596409695,0.007427397783567,1.6397325938439138,2721,0.810303752233231,:47:13,13,0.2552391227794117,11,0,2,47583,48
APP_0193,47,119169,21,85079,72,134223,car,0,500,33547,117756,4180,2452,0.2815077746729411,0.6338630488068318,1.5776278517612856,0.0099157732108296,0.4150211206228683,1728,0.4133971291865039,:47:13,21,0.2815077746729411,14,1,4,85079,72
APP_0194,36,100388,24,42294,60,83841,land,0,801,9596,225758,8386,2891,0.0955891142367604,0.504454860986862,1.9823379202723324,0.0070217555882002,0.8884371085923508,5495,0.6552587646076012,:47:13,24,0.0955891142367604,8,0,4,42294,60
APP_0195,63,61231,12,36216,24,38722,deposit,0,443,36993,279125,10863,5775,0.6041547582107004,0.9352822684778438,1.0691959354980929,0.0246443794799546,0.0273908818181004,5088,0.468378900856074,:47:13,12,0.6041547582107004,20,1,4,36216,24
APP_0196,24,76571,8,12604,48,139055,house,0,595,8773,164167,4387,3463,0.1145734024630719,0.0906403940886693,11.032608695651298,0.0034292791439038,2.415513545398774,924,0.2106222931387712,:47:13,8,0.1145734024630719,28,0,3,12604,48
APP_0197,36,39861,29,84368,48,98009,land,0,663,11282,39820,8716,3402,0.2830335415569032,0.860818904386323,1.1616845249383514,0.0440948964308473,0.1159223812301202,5314,0.6096833409820319,:47:13,29,0.2830335415569032,4,0,1,84368,48
APP_0198,26,71773,13,76756,48,36679,deposit,0,644,40599,148078,2181,1221,0.5656583952182497,2.092641566018646,0.4778649226119068,0.0222797337898652,0.0,960,0.44016506189801,:47:13,13,0.5656583952182497,1,0,1,76756,48
APP_0199,35,140809,9,8916,12,77052,car,1,738,48956,45701,1606,4844,0.3476766399874983,0.1157140632300249,8.64199192462891,0.005276651349971,1.730521120456778,0,0.0,:47:13,9,0.3476766399874983,11,0,1,8916,12
APP_0200,63,78235,13,46209,24,192617,car,1,411,13235,140364,2076,2283,0.1691698089090538,0.2399009433227584,4.168387110735914,0.0246101489093085,1.8945397335216012,0,0.0,:47:13,13,0.1691698089090538,12,0,0,46209,24
APP_0201,37,39216,0,50573,72,58954,deposit,0,579,46066,27732,11192,914,1.1746736026111493,0.8578383146181624,1.1657208391829403,0.0179111275440637,0.0,10278,0.9183345246603896,:47:13,0,1.1746736026111493,12,1,4,50573,72
APP_0202,60,106491,9,49586,24,42260,house,0,740,45664,195727,7608,5930,0.4288061901944724,1.173355418835751,0.8522566853547201,0.019401483066618,0.0,1678,0.2205573080967112,:47:13,9,0.4288061901944724,5,0,2,49586,24
APP_0203,42,145326,15,92298,24,138939,car,0,774,38470,100030,9954,1464,0.2647151920509732,0.6643059184246276,1.505330559708753,0.0264629178525503,0.371561883546238,8490,0.852923447860071,:47:13,15,0.2647151920509732,4,0,1,92298,24
APP_0204,51,133436,27,19313,24,46312,car,0,639,7002,68445,1728,490,0.0524745945621867,0.4170193470374759,2.3979702790865014,0.0060306688847072,1.3246123554815197,1238,0.7164351851847706,:47:13,27,0.0524745945621867,7,0,2,19313,24
APP_0205,41,59259,22,34102,24,184622,deposit,0,658,14970,15018,1733,835,0.2526198552118623,0.1847125478003695,5.413817371415008,0.0239780736530727,1.8279889622067351,898,0.5181765724174736,:47:13,22,0.2526198552118623,17,0,4,34102,24
APP_0206,32,81737,23,22188,12,172924,house,1,775,33885,267537,10412,2934,0.4145613369710117,0.128310702967777,7.793582116458996,0.0226213342775718,1.53096184989367,7478,0.7182097579715022,:47:13,23,0.4145613369710117,23,0,3,22188,12
APP_0207,54,91377,16,28188,36,196837,car,1,643,49960,252786,2577,976,0.546745898858569,0.143204783653479,6.983006953313219,0.0085688958926014,1.165037836942261,1601,0.6212650368643301,:47:13,16,0.546745898858569,14,0,3,28188,36
APP_0208,63,55979,3,91174,72,183215,house,1,821,40723,245408,3131,5118,0.7274692295324903,0.497633927353107,2.0095092899291243,0.0226210821118266,0.2751223445784974,0,0.0,:47:13,3,0.7274692295324903,6,0,0,91174,72
APP_0209,32,58586,11,94368,12,54802,deposit,0,370,21013,26859,6948,3269,0.3586693066602882,1.7219809496003482,0.5807265174635408,0.1342300208128995,0.0,3679,0.5295048934944545,:47:13,11,0.3586693066602882,12,0,4,94368,12
APP_0210,55,54582,29,9241,24,48732,land,2,491,11762,111373,7868,2213,0.2154922868344836,0.1896289912172661,5.2734552537598445,0.0070543707934963,1.9072269207473256,5655,0.7187341128621354,:47:13,29,0.2154922868344836,16,0,0,9241,24
APP_0211,32,149322,1,65048,12,73786,car,0,361,48016,291691,3903,417,0.3215601184018408,0.8815764508172163,1.1343315705325123,0.0363018621918733,0.0911358948069921,3486,0.8931591083779418,:47:13,1,0.3215601184018408,28,0,4,65048,12
APP_0212,52,118251,26,27120,48,98201,car,0,349,13810,177796,6169,3086,0.1167854817295404,0.2761682671255865,3.620980825958569,0.0047779722792046,1.9178960857786411,3083,0.4997568487598476,:47:13,26,0.1167854817295404,11,0,3,27120,48
APP_0213,55,130107,20,23293,24,176959,house,0,559,17110,47263,8586,1247,0.1315071441198388,0.1316293604733292,7.597089254282076,0.0074595653318132,2.262521090055001,7339,0.854763568599947,:47:13,20,0.1315071441198388,7,0,2,23293,24
APP_0214,40,127071,8,32745,60,148831,deposit,1,424,48225,50897,6149,5877,0.3795122411879942,0.2200146474860733,4.54515193159247,0.0042948430404332,1.4519140898626754,272,0.0442348349325021,:47:13,8,0.3795122411879942,15,0,2,32745,60
APP_0215,53,144892,23,23466,48,131731,land,0,523,28083,86302,5517,2030,0.1938202247190998,0.1781357463315379,5.613696411829642,0.0033740648206237,1.9877110180015367,3487,0.6320464020299742,:47:13,23,0.1938202247190998,1,0,2,23466,48
APP_0216,32,38159,25,51568,60,176646,car,1,540,13229,291980,2253,3059,0.3466809926884786,0.2919284897478557,3.425496431895683,0.022523301623531,1.387789728550502,0,0.0,:47:13,25,0.3466809926884786,10,1,3,51568,60
APP_0217,24,135204,1,99583,48,132010,car,0,641,267,59187,6244,504,0.0019747936451584,0.7543595182183112,1.325627868210424,0.0153445595787853,0.3249848203656132,5740,0.919282511210615,:47:13,1,0.0019747936451584,4,0,2,99583,48
APP_0218,25,33319,3,60712,36,80778,land,2,820,21497,271838,9928,1133,0.6451874305951366,0.7515907796677219,1.3305112663064744,0.0506150978239907,0.1172695516154655,8795,0.8858783239322234,:47:13,3,0.6451874305951366,8,0,4,60712,36
APP_0219,40,84427,19,73708,72,87296,land,0,767,49300,206623,8080,1561,0.5839364184443295,0.8443456744867938,1.184349053020009,0.0121255311950915,0.0767009272559115,6519,0.8068069306929694,:47:13,19,0.5839364184443295,3,0,4,73708,72
APP_0220,60,99304,29,51862,36,107267,car,0,508,21625,277350,10877,689,0.2177656489164563,0.4834851352233167,2.068315915313677,0.0145070803902267,0.8356734067676388,10188,0.9366553277557288,:47:13,29,0.2177656489164563,8,0,3,51862,36
APP_0221,26,69732,0,6321,72,25044,car,2,479,34976,249543,2824,4465,0.5015774680204138,0.2523957834211686,3.962031324156943,0.0012589867874927,1.1178683596375083,0,0.0,:47:13,0,0.5015774680204138,10,0,1,6321,72
APP_0222,41,43271,19,12990,72,150409,land,0,723,12651,106327,1615,5694,0.2923667121166534,0.0863645127618687,11.578829869129208,0.0041694591450199,1.9395566512836664,0,0.0,:47:13,19,0.2923667121166534,2,0,3,12990,72
APP_0223,51,49037,4,30542,48,133332,land,0,368,38780,250089,7255,5917,0.7908314130146463,0.229067290672905,4.365529434876421,0.0129757462049757,0.4837647164122166,1338,0.1844245348035583,:47:13,4,0.7908314130146463,10,0,2,30542,48
APP_0224,29,128083,19,28148,60,148378,land,0,597,38789,59049,3375,1888,0.3028426879445336,0.1897046731995296,5.271351428165224,0.0036627291156945,1.6947099360099651,1487,0.440592592592462,:47:13,19,0.3028426879445336,14,0,4,28148,60
APP_0225,52,64840,18,84855,24,110516,house,0,532,30415,94381,7736,4816,0.4690777297964147,0.767807376307496,1.3024099935183395,0.0545284546553459,0.1605562002910193,2920,0.377456049638007,:47:13,18,0.4690777297964147,2,0,0,84855,24
APP_0226,34,63791,2,85140,60,158328,car,0,400,38592,71413,10990,3222,0.6049756235205499,0.5377444292860357,1.8596194503171029,0.0222445172512788,0.3395706373711283,7768,0.7068243858052132,:47:13,2,0.6049756235205499,26,0,1,85140,60
APP_0227,56,140420,20,86141,60,190352,land,0,639,28941,48618,5039,656,0.2061031192137857,0.4525353030175651,2.209772349984302,0.0102242083272282,0.9604344951139592,4383,0.8698154395711708,:47:13,20,0.2061031192137857,26,0,3,86141,60
APP_0228,46,42983,26,65570,72,117427,deposit,0,476,18915,36100,7269,907,0.4400576972291269,0.558389467498952,1.790864724721644,0.0211873169493003,0.4428386151409034,6362,0.8752235520703157,:47:13,26,0.4400576972291269,28,0,1,65570,72
APP_0229,45,139408,25,57836,24,93321,land,1,402,36893,64345,8657,3467,0.264640479742911,0.6197533245464513,1.613545196763234,0.0172861911313045,0.4511763015478735,5190,0.599514843479196,:47:13,25,0.264640479742911,3,0,1,57836,24
APP_0230,28,140121,0,66669,60,28086,car,0,659,41756,44832,3075,2772,0.2979995860720356,2.3737449262977157,0.4212752553660558,0.0079299319872215,0.0,303,0.0985365853658216,:47:13,0,0.2979995860720356,0,0,1,66669,60
APP_0231,41,99819,7,43646,36,157506,land,0,395,42053,120323,10922,446,0.4212925394964844,0.277106903863978,3.6087155753103697,0.0121458729185345,1.255030883641203,10476,0.9591649880973302,:47:13,7,0.4212925394964844,29,0,0,43646,36
APP_0232,58,45691,7,68669,24,181562,house,0,670,10653,30678,3629,5608,0.2331531373793475,0.3782124012733922,2.644016950880271,0.0626208297742236,1.2607092408777223,0,0.0,:47:13,7,0.2331531373793475,27,0,3,68669,24
APP_0233,21,44482,13,80472,24,142302,house,0,389,33829,27770,9986,4489,0.7605098691605423,0.5655015389804742,1.7683417834774608,0.0753788049067087,0.184010274254444,5497,0.5504706589224363,:47:13,13,0.7605098691605423,24,1,2,80472,24
APP_0234,54,60590,4,77475,48,174189,land,0,539,215,297048,8429,3213,0.0035484403366891,0.4447755024714508,2.248325266214879,0.0266390906084559,1.2438956584869525,5216,0.6188159924070923,:47:13,4,0.0035484403366891,3,0,0,77475,48
APP_0235,42,97176,25,63313,24,173350,deposit,1,744,28599,35431,2980,5927,0.2943010619906119,0.3652321892125736,2.73798430022266,0.0271470493388976,1.2264936749441355,0,0.0,:47:13,25,0.2943010619906119,20,1,3,63313,24
APP_0236,52,44201,23,10520,12,161234,deposit,1,425,28558,31476,9110,5838,0.6460939797741987,0.0652467841770342,15.32642585551185,0.0198336387546343,0.992444371515526,3272,0.3591657519209265,:47:13,23,0.6460939797741987,22,1,2,10520,12
APP_0237,50,81957,24,73870,36,104553,land,0,722,18174,18730,3562,5854,0.2217504301035882,0.7065316155442626,1.4153648301069257,0.0250368418120163,0.3232575003808289,0,0.0,:47:13,24,0.2217504301035882,8,1,1,73870,36
APP_0238,40,39436,5,39827,48,27173,house,0,697,49703,48437,7793,1849,1.2603458768637474,1.4656828469436034,0.682275843021049,0.0210398916383345,0.0,5944,0.7627357885280683,:47:13,5,1.2603458768637474,26,0,1,39827,48
APP_0239,34,92535,0,75648,24,8623,deposit,0,796,44148,163096,11576,5332,0.477095153185276,8.772816885073782,0.1139884729272404,0.0340627870521276,0.0,6244,0.5393918451969126,:47:13,0,0.477095153185276,22,0,1,75648,24
APP_0240,48,27643,27,56255,72,47244,car,0,392,1932,249903,11508,3225,0.0698911116738389,1.1907332147997378,0.8398186827837377,0.0282646400330486,0.0,8283,0.7197601668403962,:47:13,27,0.0698911116738389,5,0,0,56255,72
APP_0241,27,113629,8,88712,60,90756,car,0,693,10441,223118,10648,4465,0.0918867542616753,0.9774780730750476,1.0230408512940636,0.0130119365066019,0.0209237022532464,6183,0.5806724267467523,:47:13,8,0.0918867542616753,17,0,1,88712,60
APP_0242,46,31924,19,37153,48,150771,deposit,0,815,10399,178269,6687,5213,0.3257423881718981,0.2464200675196142,4.058111054288912,0.0242457346609818,1.5243210167874213,1474,0.2204276955286046,:47:13,19,0.3257423881718981,9,0,4,37153,48
APP_0243,25,49352,27,93482,72,95514,land,0,719,44877,34657,7375,1314,0.9093248500567168,0.978725631844536,1.0217368049463955,0.0263081761852215,0.0019709880478042,6061,0.8218305084744648,:47:13,27,0.9093248500567168,23,0,0,93482,72
APP_0244,49,46830,1,85225,36,12442,land,0,403,25945,234580,4652,2910,0.5540251975229435,6.849782993087377,0.1459900264007023,0.0505522338467926,0.0,1742,0.3744625967325076,:47:13,1,0.5540251975229435,11,1,4,85225,36
APP_0245,48,128874,0,36455,12,48386,car,0,752,36443,20802,11170,1121,0.282780079767833,0.7534204108626307,1.3272802084761672,0.0235727661624026,0.234731885016878,10049,0.8996418979408326,:47:13,0,0.282780079767833,25,0,2,36455,12
APP_0246,24,31672,0,50844,12,196011,deposit,0,359,40497,192964,6510,1965,1.2786372821419147,0.2593936054609167,3.855145149870116,0.1337774690466905,0.0,4545,0.6981566820275424,:47:13,0,1.2786372821419147,10,0,1,50844,12
APP_0247,54,78657,4,55478,72,197700,car,0,623,38380,128706,9602,2715,0.4879413148225779,0.2806170966110254,3.563574750351427,0.0097960483843404,1.1050987909454242,6887,0.7172464069984672,:47:13,4,0.4879413148225779,19,0,0,55478,72
APP_0248,39,98892,1,78019,72,80411,land,0,573,4452,265830,5276,5190,0.0450188083970387,0.9702528261058688,1.0306591984003763,0.0109573799923872,0.0292789578220072,86,0.016300227445031,:47:13,1,0.0450188083970387,15,0,0,78019,72
APP_0249,55,89499,24,70469,60,162557,deposit,1,592,7016,99184,9274,5230,0.0783919373400811,0.4335033249875402,2.306787381685531,0.0131228654321695,1.204345787143649,4044,0.4360577959887388,:47:13,24,0.0783919373400811,12,0,2,70469,60
APP_0250,22,110089,18,85941,12,146108,land,0,585,19761,195155,3856,2583,0.1795002225472101,0.5882018780627989,1.700096577884808,0.0650541834279821,0.5744290863499599,1273,0.3301348547716986,:47:13,18,0.1795002225472101,0,0,3,85941,12
APP_0251,28,125387,29,40137,24,186803,house,0,317,16918,137598,9204,2243,0.1349262682734243,0.2148627163375309,4.654134589032448,0.0133377064602415,2.037604919686677,6961,0.7563016079964411,:47:13,29,0.1349262682734243,29,0,2,40137,24
APP_0252,42,74203,24,52955,12,178413,car,0,579,37353,161416,1982,3372,0.5033893508348651,0.296811331012873,3.3691436125011167,0.0594708659528437,1.0476329441737928,0,0.0,:47:13,24,0.5033893508348651,12,0,1,52955,12
APP_0253,29,128527,28,45932,12,128718,car,1,815,7811,282251,2600,5506,0.0607732227469709,0.3568420889075315,2.80236001045017,0.0297810317392272,1.692824784064877,0,0.0,:47:13,28,0.0607732227469709,10,0,0,45932,12
APP_0254,35,64748,7,91407,24,83768,deposit,0,540,18577,216697,5198,5868,0.2869123370605997,1.0911923407506317,0.9164287199010916,0.0588222802224199,0.0,0,0.0,:47:13,7,0.2869123370605997,26,0,2,91407,24
APP_0255,50,148052,8,33973,48,128318,land,1,452,11828,130221,6561,1669,0.079890849161105,0.264756308545954,3.777058252141296,0.0047805557055533,2.0295133458103103,4892,0.7456180460294549,:47:13,8,0.079890849161105,0,0,0,33973,48
APP_0256,27,88065,25,60776,12,69273,car,1,847,9441,139743,8969,1444,0.1072049054675511,0.8773403779250086,1.139808477030388,0.0575105509140356,0.1248203224668105,7525,0.8390010034562561,:47:13,25,0.1072049054675511,2,0,1,60776,12
APP_0257,50,117001,7,16415,72,74833,land,0,354,8640,214325,5270,4357,0.0738455226878396,0.2193550973500966,4.558818154127045,0.0019485825856868,2.1689933153403707,913,0.1732447817836483,:47:13,7,0.0738455226878396,14,0,2,16415,72
APP_0258,25,134375,1,85776,36,124878,land,0,567,9774,110358,1693,2087,0.0727367441860459,0.6868783933118668,1.4558617795187294,0.0177314728677243,0.4227038778776982,0,0.0,:47:13,1,0.0727367441860459,14,0,4,85776,36
APP_0259,28,124081,20,41500,24,117708,car,0,581,28218,58678,4916,1518,0.2274159621537525,0.352567370102284,2.8363373493975224,0.0139357892553622,1.418724924245438,3398,0.6912123677785412,:47:13,20,0.2274159621537525,25,0,0,41500,24
APP_0260,46,131391,24,37356,48,119549,car,1,562,20502,145619,6111,573,0.1560380848003276,0.3124743828890219,3.2002623407216197,0.0059231606425385,1.740736309697453,5538,0.90623465881183,:47:13,24,0.1560380848003276,14,3,1,37356,48
APP_0261,55,92064,29,60377,60,81857,deposit,0,806,21764,29785,7209,2657,0.2364007646854336,0.7375911650805583,1.3557646123523637,0.0109302586604595,0.2716615859442698,4552,0.6314329310583116,:47:13,29,0.2364007646854336,21,0,3,60377,60
APP_0262,28,30434,27,52387,24,86554,land,1,531,23970,59217,8262,2594,0.7876059670105544,0.6052522124916168,1.652203791016824,0.0717221418997057,0.1385241935050752,5668,0.6860324376663415,:47:13,27,0.7876059670105544,23,1,2,52387,24
APP_0263,34,86635,3,85557,12,9956,house,0,835,37052,132005,4100,3553,0.4276793443758246,8.593511450380817,0.1163668665334207,0.0822964159912941,0.0,547,0.1334146341463089,:47:13,3,0.4276793443758246,7,0,3,85557,12
APP_0264,61,47687,23,55484,12,123540,land,0,336,43090,241005,7909,1521,0.90360056199801,0.4491176946737862,2.2265878451445063,0.0969586400126085,0.1182423789320048,6388,0.8076874446831701,:47:13,23,0.90360056199801,28,0,0,55484,12
APP_0265,64,136139,25,54114,72,118550,land,0,703,26321,236611,8131,4400,0.1933391607107427,0.4564656263180054,2.1907454632811807,0.005520705553316,0.9605277347902944,3731,0.4588611486901415,:47:13,25,0.1933391607107427,28,0,1,54114,72
APP_0266,46,54593,20,14973,12,187593,land,0,626,32112,85604,9654,4208,0.588207279321514,0.0798164110601137,12.528751753154843,0.0228554942922352,1.1367747108397483,5446,0.5641185001035256,:47:13,20,0.588207279321514,21,0,1,14973,12
APP_0267,40,53508,24,7084,48,104821,land,0,432,36927,132359,6981,2989,0.6901211033863967,0.0675818776771823,14.79686617729887,0.0027581545438113,0.8668100967837677,3992,0.5718378455807804,:47:13,24,0.6901211033863967,1,0,4,7084,48
APP_0268,36,56173,25,42862,36,97786,deposit,0,425,34520,54524,10010,1415,0.6145301123315363,0.4383245045302963,2.281414772992341,0.0211954339465226,0.4939468086020805,8595,0.8586413586412728,:47:13,25,0.6145301123315363,8,1,4,42862,36
APP_0269,47,105320,13,99829,60,20995,car,1,695,6713,229020,3826,3238,0.0637390808963153,4.754894022386056,0.2103096294663854,0.0157977275601872,0.0,588,0.1536853110297559,:47:13,13,0.0637390808963153,3,0,1,99829,60
APP_0270,47,96404,1,92147,12,45774,car,1,650,49149,81442,8972,4178,0.5098232438487976,2.013086031371477,0.4967497585379828,0.0796535067634815,0.0,4794,0.5343290236290086,:47:13,1,0.5098232438487976,20,0,0,92147,12
APP_0271,33,143605,13,64753,72,72903,house,0,636,8240,241862,1981,2487,0.0573796177013331,0.8882076183421684,1.1258628943832545,0.0062626456057221,0.1186409296207876,0,0.0,:47:13,13,0.0573796177013331,0,2,1,64753,72
APP_0272,22,77032,6,64929,60,80423,land,0,327,20592,254200,2579,1875,0.2673174784505105,0.807343670343051,1.2386298880315232,0.0140480579497085,0.1748399480800291,704,0.2729740209382423,:47:13,6,0.2673174784505105,10,0,3,64929,60
APP_0273,27,60284,3,42192,36,77635,car,0,628,32630,209834,10579,3236,0.5412713157720035,0.5434662201326651,1.8400407660219515,0.0194413111267902,0.3853507952951447,7343,0.6941109745722002,:47:13,3,0.5412713157720035,0,0,1,42192,36
APP_0274,63,31156,3,21863,24,83668,car,1,839,20167,105758,6487,2389,0.6472910514828396,0.2613065927236188,3.826922197319497,0.0292386164236534,0.7816313248710327,4098,0.6317249884383178,:47:13,3,0.6472910514828396,23,0,2,21863,24
APP_0275,39,25884,20,5811,72,155632,land,0,309,12156,286343,8018,2642,0.4696337505794904,0.0373380795723242,26.782309413177284,0.0031180780919567,1.531690176591514,5376,0.6704913943626003,:47:13,20,0.4696337505794904,11,1,1,5811,72
APP_0276,42,71701,15,37191,24,33172,car,1,557,46167,208954,7835,2353,0.6438822331627084,1.121156396961259,0.8919362211287438,0.0216123206082957,0.0,5482,0.6996809189533248,:47:13,15,0.6438822331627084,20,0,2,37191,24
APP_0277,41,140727,16,35064,36,71793,car,0,571,3576,197293,8796,2099,0.0254109019591121,0.4884041619656444,2.0474845995892643,0.0069212020434809,1.020867071125463,6697,0.7613688040017325,:47:13,16,0.0254109019591121,5,0,4,35064,36
APP_0278,55,90469,22,23202,36,39271,car,0,793,12293,258358,4078,4413,0.1358807989477043,0.590817651702259,1.6925696060683697,0.0071239872219444,0.5984626946689617,0,0.0,:47:13,22,0.1358807989477043,29,0,4,23202,36
APP_0279,23,136693,16,29620,24,67096,car,0,455,49649,265626,3371,2977,0.3632153804510812,0.4414570168117258,2.2652261985144406,0.0090287481188885,0.8056765834643741,394,0.1168792643132254,:47:13,16,0.3632153804510812,12,0,3,29620,24
APP_0280,24,37708,18,7358,36,139435,house,0,561,36490,32545,1946,3012,0.9676991619815168,0.0527701079355968,18.95012231584412,0.0054203057410418,0.0917889579295127,0,0.0,:47:13,18,0.9676991619815168,26,0,4,7358,36
APP_0281,33,36665,2,62756,12,16978,deposit,1,694,4348,265648,10580,4057,0.1185872085094744,3.696312875485705,0.2705398686978094,0.1426337560679317,0.0,6523,0.6165406427220589,:47:13,2,0.1185872085094744,29,1,3,62756,12
APP_0282,42,129182,25,93108,12,73179,house,0,333,37728,231857,3847,2423,0.2920530724094665,1.2723322264583927,0.7859582420414917,0.0600625474087206,0.0,1424,0.3701585651155783,:47:13,25,0.2920530724094665,1,0,2,93108,12
APP_0283,50,38342,13,70625,24,12547,car,0,740,48475,69891,7539,965,1.2642793803139831,5.628835578225422,0.177656637168139,0.0767489524075594,0.0,6574,0.8719989388511908,:47:13,13,1.2642793803139831,28,0,3,70625,24
APP_0284,42,31495,4,47579,12,191340,land,2,752,4889,99222,6276,5174,0.1552309890458753,0.2486620675237783,4.021522100086088,0.1258903529555844,1.904121006330764,1102,0.1755895474824449,:47:13,4,0.1552309890458753,8,0,4,47579,12
APP_0285,40,75511,24,44925,36,147633,house,2,695,20702,228272,3204,711,0.2741587318403904,0.3043018837251813,3.286210350584234,0.0165262897674774,1.5148992089194977,2493,0.7780898876402066,:47:13,24,0.2741587318403904,28,0,0,44925,36
APP_0286,62,140605,22,34215,72,54770,land,1,656,23411,72820,5846,3602,0.1665019024927978,0.6247033047288548,1.6007599006283326,0.0033797399333361,0.5007322342323706,2244,0.3838522066369511,:47:13,22,0.1665019024927978,25,0,1,34215,72
APP_0287,28,111172,1,18528,12,46053,land,0,711,6550,141200,2373,1888,0.0589177130932243,0.4023190671617397,2.485589378238208,0.0138883891615813,1.3980618494768988,485,0.2043826380108704,:47:13,1,0.0589177130932243,2,0,3,18528,12
APP_0288,46,37389,5,61855,12,26993,land,0,729,10028,209781,3355,1597,0.2682072267244305,2.291520023709766,0.4363915609085694,0.137863631894505,0.0,1758,0.5239940387479809,:47:13,5,0.2682072267244305,18,0,1,61855,12
APP_0289,44,129641,0,58819,12,98792,car,1,796,8687,198641,2966,634,0.0670081224304034,0.5953822171835715,1.6795933286862803,0.0378088979020898,0.6340550557148099,2332,0.7862440997974423,:47:13,0,0.0670081224304034,2,0,2,58819,12
APP_0290,41,130446,8,5694,48,152672,house,0,535,9268,273841,10156,5440,0.0710485564908079,0.0372956403269752,26.812785388123142,0.0009093801266234,2.6829168137725468,4716,0.4643560456872327,:47:13,8,0.0710485564908079,10,0,3,5694,48
APP_0291,56,125087,2,44474,24,120168,deposit,0,550,20176,42345,7457,2803,0.161295738166235,0.3700985287264465,2.701983181184452,0.0148143558743602,1.4274605476288145,4654,0.6241115730185565,:47:13,2,0.161295738166235,26,0,0,44474,24
APP_0292,32,137831,21,31412,36,177158,car,1,650,23191,95555,11219,2318,0.1682567782284089,0.1773106492509501,5.639819177384259,0.0063306190590746,2.0527988733275797,8901,0.7933862198056161,:47:13,21,0.1682567782284089,1,0,2,31412,36
APP_0293,62,54984,15,21176,12,74013,deposit,0,406,11899,295615,6077,4550,0.2164084097191871,0.2861118992609368,3.4951360030221243,0.0320941849723479,1.6781901364220149,1527,0.2512753003126129,:47:13,15,0.2164084097191871,17,1,4,21176,12
APP_0294,35,147446,29,71788,24,61397,house,0,770,14471,174961,3614,618,0.0981444054094373,1.169242796879307,0.8552543600601652,0.0202865229747976,0.0,2996,0.8289983397894773,:47:13,29,0.0981444054094373,22,0,2,71788,24
APP_0295,44,65087,22,54953,36,99785,house,2,723,9611,82125,7890,3561,0.1476638960160992,0.550714035175622,1.8158244317871304,0.0234527973662912,0.6953566177243465,4329,0.548669201520843,:47:13,22,0.1476638960160992,20,1,4,54953,36
APP_0296,43,125253,18,65208,36,46800,deposit,0,647,39803,94051,11260,3169,0.3177808116372436,1.3933333333333036,0.7177033492822856,0.0144613967991425,0.0,8091,0.7185612788631688,:47:13,18,0.3177808116372436,0,1,1,65208,36
APP_0297,58,97420,15,72780,48,195323,deposit,0,465,10587,108371,7092,3499,0.1086737836173259,0.3726135682945666,2.68374553448746,0.0155640525556189,1.5007665366059475,3593,0.5066271855611243,:47:13,15,0.1086737836173259,20,0,1,72780,48
APP_0298,40,122434,1,98271,60,43667,deposit,0,491,45380,170742,1687,1094,0.3706486760213636,2.2504637369179874,0.4443528609660994,0.0133774115031175,0.0,593,0.3515115589802303,:47:13,1,0.3706486760213636,2,0,2,98271,60
APP_0299,33,103477,2,81262,36,99942,deposit,0,539,26942,92517,4688,5734,0.2603670380857557,0.8130915931240038,1.229873741724284,0.0218142947487369,0.1700221964578586,0,0.0,:47:13,2,0.2603670380857557,24,0,3,81262,36
APP_0300,21,105310,18,63933,72,108226,house,0,664,40136,190339,11212,1735,0.3811224005317597,0.5907360523349233,1.6928034035630788,0.0084318519924128,0.42876050730056,9477,0.8452550838386688,:47:13,18,0.3811224005317597,29,2,2,63933,72
