application_id,annual_income,dti,credit_history_months,delinquencies_12m,age,income,employment_years,debt_to_income,credit_history_length,num_delinquencies,current_loans,requested_amount,loan_term_months
a001,9171.29794034648,0.0641325827264504,64,0,1.673174883664588,1.3900666864107063,-0.2925574965086427,-1.4990257519349324,-0.5495300830655938,0.2117120958935262,2.285272940669865,0.6968046469812916,1.5234515234669157
a002,18023.293748119264,0.3319209258091312,82,0,-0.1124713443051314,1.5681948337607825,-1.49552541225145,0.5730331509834805,-1.2624463931697814,-0.7278695450991378,-0.0404992797768603,2.043992882059012,-0.893475424965016
a003,7069.375553463135,0.1925521046717553,24,0,-0.0391218398297962,0.2016255815665348,1.1500370115803231,0.94244070128892,-0.1008059013844165,-0.1841663426605677,-0.7026109825560494,0.9624680220499237,0.7591250559690613
a004,6145.959349556884,0.3372995566333741,44,0,1.2878166367411557,0.8337503308767213,1.2814599816047796,0.1346073876824905,-0.3639230138899086,0.68618464953709,-0.8515021545507381,-1.052328617359075,-0.2288953116359267
a005,11365.963581130323,0.3389004974802001,42,0,-0.8527255335046193,-0.285178331409505,0.4458840232049892,-0.1316822685805495,0.1034521493257416,1.2827487781404403,0.2624521998242707,-1.1787669486111183,1.6831421147831933
a006,9769.725869942686,0.6400824466497584,39,0,0.87427266068395,-3.8712786237584034,-0.293971096543423,-0.1505625132833984,0.52594975875374,0.046613214754961,-0.5583789524347657,-0.1855764406449509,-0.6328914013278879
a007,12350.537128758486,0.048628188754691,91,0,0.2342388027717213,-1.136161654866885,1.2995951602326008,0.326437181300578,-0.0827848851666281,1.2874432360491717,0.1254303177354566,0.3493696975709723,0.1923750065318675
a008,17931.27459286407,0.4616724633683162,31,0,0.871089711961752,0.7317184764873284,0.7507811621021282,-0.0977422420231275,-0.7900878285432964,-0.3942951730884934,-0.1607763155034162,0.4718995983113012,-1.783606786278497
a009,10340.393552809528,0.321731707122153,22,0,-0.0363231923928384,0.1903596485761768,-0.0474699437999777,2.414137578287672,-0.4781942664228766,-0.5650068015940318,-1.875534006460009,-0.2690428750183423,-0.4063009462009979
a010,4581.249403077847,0.3324977230144318,83,0,0.5584927364676985,-0.2108797383939675,1.1766217061455844,-0.7575487670984321,-1.019471938146281,0.8473536875897437,-0.8620656669216578,-0.2747346137931454,1.1764946392035296
a011,2322.3521766597023,0.1507646988940093,77,0,1.291843966605149,0.4817379025929717,-0.678647923798996,0.9008471242144483,0.370175090858897,-0.0755004750414606,-0.169095558823942,0.6227771205966767,1.3348787587544328
a012,6580.502035667702,0.4481564171425156,104,0,-0.928358701330473,-0.8537031431322012,1.7572585100597589,0.7476892688975507,-0.2151092593248982,-0.809584049528083,-1.7691549164560942,-0.5479542288344316,0.2824466088207431
a013,10027.56217840249,0.7292817026677173,38,0,-0.1539746631723829,-0.5393934498146349,-0.0156226175560839,0.0800569062037566,-0.5448912307459992,-1.940364313527794,1.700512653288073,0.3322055642332324,-2.7466806714035505
a014,17101.362301954774,0.3572375930512819,29,0,0.7342153517833699,0.4852157190147941,-0.5913318243521345,0.3342028656257663,0.5544431825069478,-0.7609163303880002,0.3695503024868699,-0.6758293362823877,-0.28094186180453
a015,3399.4853333530264,0.4471588139077519,42,0,-0.8065553540982004,1.204238899454597,-0.8222293408878611,-0.8220920219605021,1.4576671322980133,-0.1624654681749605,0.3627338802004781,0.3747749509963826,1.1204322692944142
a016,11431.718801280542,0.0826003981597842,95,0,1.5880775622564824,1.7390316288976018,-0.4730782706883246,0.5959780899761998,-0.80662448215788,0.2128155799564765,-1.6324043823982932,0.8117351601961234,2.124054796039221
a017,11279.159224801197,0.340244341260042,39,0,0.3191330287844956,-1.160029088236157,0.2346226735760606,-0.1546362809753133,1.0221705497850069,0.4653544360696234,0.935331426296109,-0.9354924299012732,-1.1599273141097606
a018,9537.416171661363,0.3549041839040771,77,0,-0.3562046351770962,-2.049688158117956,-1.0657240279889983,-1.2436218313426284,0.1802230678862161,-0.9893172388559334,-1.2405126246234377,-0.3254564780412352,0.6874477585513963
a019,16898.56776293185,0.1043143018261003,9,0,-0.8087752961855056,0.305924453627954,-0.8305643418903167,0.354665466067077,1.7694871892213018,-0.8387412323815552,-0.1327979934100863,0.8353036693424043,1.5496340322926652
a020,18076.540890057346,0.2683674985863965,105,1,-0.0468708934073931,1.568654830091771,-0.4752809917799825,-0.5340598519412105,1.4407925308619003,0.7265007736726486,-0.7286874548686993,2.4416201931518917,-0.8077270647454328
a021,13575.091528568308,0.248253266170077,59,0,-0.0683378034134929,-0.5684505501628195,0.769360427344929,0.7613962684857009,-0.0817430305644529,-0.6054336785282723,0.717777912736676,-2.016109624278957,0.2430397379695057
a022,4767.107900435104,0.2555865666510228,81,1,0.2361900680291413,-0.0016465021991649,1.7257559253819574,0.6328690794893005,0.0665473457650192,-0.5716146045759082,0.1670308359478696,-1.7624027023829745,-1.2745279148327788
a023,10086.27437037963,0.5880032276729136,26,0,1.7651398340704338,-0.1347368102016295,0.3689298696703807,0.5646808630008648,-0.6328671982161028,0.3401676966364033,-0.5076859360575562,-0.3708409193563041,0.0268557862401029
a024,12445.271131450554,0.156828372282447,55,0,0.2340151417623881,0.4921842102566919,0.619512374953343,0.4326197826157931,0.2136387036690132,-1.1981250657667668,0.5551948708159838,0.4106669419278445,0.0410980326088535
a025,12214.554576880617,0.3311195511492518,6,0,-1.2867592473187257,-0.5119222688468085,-0.0026675809359113,0.9953138896996993,-0.6843957639536025,0.9206593950870916,-0.3943897765623396,-0.1754714145496501,-0.5161368142030887
a026,13559.74324507515,0.1131911946020662,78,0,-0.4528648524325629,-0.3903636611633295,0.6565177282604711,-0.2574238785792334,-0.9550242523968172,2.9273928923395616,0.7122499672866878,-1.3545276468976182,0.5576941545690541
a027,13651.810045509224,0.1317983199557201,119,1,-0.2191598947299344,0.6399165906521915,0.3860982312988255,-1.077042270879457,-0.3477273748312854,-0.4846320555385924,0.5686737164339074,-0.3940391569044998,-0.5342934358717236
a028,6743.536105144988,0.4255013871515551,18,2,0.1355490523453765,0.2246662402957447,0.0230428364187481,0.581259321834885,1.0553525807967472,-0.6916960670822065,1.2206682326223222,0.871318520262655,-0.3648912429550424
a029,16667.86797375906,0.3252687013645531,6,0,-0.0325737253736459,-0.0569543809357115,1.7650162139649272,-0.2691845855645302,0.2234509306703797,-1.463317427838266,-0.3208249187105922,0.3499888785581078,1.0416022653844763
a030,11203.089411724375,0.0479755137589884,60,1,0.1889455524835564,2.157358499562811,1.812670581217801,-1.3183821630005088,-0.2338299656071817,0.9592510872472017,-1.773424249454833,0.415273933669382,1.3323730834311736
a031,19213.635670630065,0.4920791846281471,80,0,-0.5775460438187401,0.6032841704097489,-0.0448164925140157,0.1277117620207697,0.2216936889935359,-0.8587141022492221,0.2536927593865408,-0.8607059452806254,1.745434408589055
a032,7065.504293142371,0.067983691617984,100,0,0.7947685698758031,0.7015877808681897,-0.8979729511677321,0.2343875353717095,-0.1188614422681487,-1.129767712072505,1.2199866243062258,-0.2194499832719453,0.1368370473644841
a033,10548.351511940284,0.0540432776103475,115,1,2.0960120152118544,0.3283873727804263,-1.5221186470631514,-1.9580245106317176,-0.3214767510331572,-0.0764497796648252,0.8199073667621822,0.2900500460571343,0.5826359206913332
a034,11810.681133858268,0.221747985748899,6,1,0.1831469500196702,-0.6037122042455497,-0.3729425057902996,-0.1001200693941332,0.6554999390915033,0.3930231227853382,-0.0813150541649869,-0.5993054882992598,1.1194782178419171
a035,23619.43179967004,0.4199031696460888,12,0,-0.4516630876164563,1.3881536570826218,-1.0466058149391038,0.4686519151960358,1.4341974755521818,0.3144572490562381,0.3429211939342032,-1.2905718685234508,-0.7935677345633741
a036,8844.757325589306,0.3641902249016582,119,0,0.1166845012063006,-0.1285223231322176,0.3267065688160418,-1.6878454795840752,-0.2610979644307124,0.8444784236084115,1.331484428165046,1.838152868491436,0.5395838193491279
a037,13469.796328862112,0.5746124503983596,100,0,0.7623998601031313,-1.3134327956742218,0.312743386052365,0.5891009187513823,-1.7651052265244327,-1.4858033430767033,-0.038943827807791,2.062258856192825,-1.6071248770447373
a038,13915.353339527986,0.3909486999022754,100,0,0.9377614795466804,-0.0138240481463085,2.1505330886598872,0.6172997252839596,-0.0068494320752412,0.5589550044241616,-1.5864142623806885,1.2460225516350882,0.7611590916094498
a039,13896.376373892552,0.1516825018080336,86,1,-0.1140998314555965,-0.3477369648642847,-0.1817104396300697,-0.6038727774163666,-1.036812563479823,0.7098713796593115,0.1574561729370813,1.451425351533271,-0.2210932840382046
a040,11244.18653508147,0.5494150147260972,46,0,-0.1941987843416424,-0.7577635105758947,1.571030018674121,0.4400117992032767,0.2514443435417479,0.1279403097665285,-0.9380593765295628,1.1135100884360072,-0.0672463518026443
a041,8352.422479576308,0.4864119710233361,50,1,-0.7617206069890761,0.7956778990037949,1.4081736049851807,0.9488138256486324,-1.1293989809795513,-1.0228682231586632,0.1035550521032867,0.2868726505069262,0.6234216723796673
a042,10647.217394809535,0.2307907344568735,118,0,-1.3852144571860947,-1.1881638573879514,1.6882825092095934,0.0520684659750093,-0.2739404015676974,0.7233609777376722,1.0254707079718717,-0.3230187273557389,0.0620925644286851
a043,14707.925470401651,0.0945946930718186,114,0,-0.4832140567496422,-0.6063803462204606,-1.1059143934570224,1.0780192997805054,0.1516139131484277,-0.6037854458315202,0.0852381338811204,-0.2687029559900505,-1.531336350893731
a044,5009.806055805302,0.0655388393694196,46,0,0.6453375208676194,0.6931592475178388,-0.235626565130537,-0.9198240597891052,-0.0337105925525368,0.7168883994071488,0.2403984597618396,0.7812046181313274,0.5662403053230531
a045,8519.706897935786,0.3430951311908096,7,0,-0.1953070856058097,0.2846889883957442,0.6113706580885985,-2.5531535035489545,-0.4150929768126729,0.3197283353929047,-0.755293163379927,0.8694288171949199,0.1501041029367714
a046,9825.646408164954,0.389911257925625,88,0,-0.6461062592834627,0.21277305038972,1.304911241693986,1.2768919929347442,2.070307922507224,1.142300801178954,-0.4724259575558898,-0.3888610496340378,0.5102597101509369
a047,6990.567252019923,0.4342759389383921,103,0,1.8641538626463756,-2.5637421041664203,1.595067836363094,-0.3568006584313257,0.2646449661315349,-0.432774543043155,-0.6884381457315841,0.5144557538743452,0.3587742208651568
a048,12921.449566733876,0.2236501750984974,95,0,-0.5994079040674576,-0.2725980902310114,0.1280828700968162,0.6299601289824164,-0.5190947310340603,1.2746649683511793,1.5663209658227022,-1.1308461623313952,-0.1517105408077217
a049,13285.734554894983,0.5234645063301215,97,0,-0.1763705711754022,0.3285423984221035,0.577560907555515,0.4567235903805232,1.6936844182319872,-0.8412035622986566,-0.1137379870277595,0.3112717770604339,-0.4090652364498885
a050,20420.51268778556,0.1140847012267284,99,0,2.753398809787042,-0.5367552443629966,-1.4398933686991493,-0.0111195035660466,1.3919562361706177,1.336104385436549,-2.7047463481616902,-2.0334511543246503,0.5102893767448681
a051,9713.03455367166,0.4274125737162774,12,0,0.9963603493598914,0.3326170165826962,0.7596694904892417,0.2417866550402053,0.187117615837249,-0.4836840643821313,0.1384081964293529,0.6584891881764645,0.6292402903648501
a052,13693.388980924996,0.1697503534050636,93,0,-0.2480651340085722,-1.168868599956212,0.3454802044590384,1.6788671539759914,-0.4797786329426997,0.0330350412794737,-0.3276164904132252,0.071177685928703,0.4573488769049377
a053,12901.09624526632,0.4578122517923759,45,0,1.7885404681472792,-0.0679010996074303,0.7758501648992466,-0.1492879476251971,0.9029547591134358,0.2501684439619558,-0.1345392241967021,0.9187960645792138,-2.342566483408714
a054,15301.513931684512,0.1075421173441579,71,0,-0.380924558250329,-0.6241963700981408,0.2610020406250093,0.2799430739822213,-0.5380173199625156,0.2778245279991166,0.7705230558015413,-0.7819686654863721,-1.273727835855223
a055,21804.36635559437,0.5646617599570254,105,0,-0.6336272638995645,-0.9066300670288076,0.5991820617226781,-0.8685026983610904,-1.0776079371731506,0.3028696372081975,-1.112446263911618,-1.0620495659977294,1.3021649809345432
a056,8985.500061314073,0.1187178478909771,117,0,1.5120445252021844,0.9928036610895504,-0.2112305911955917,0.5885587354593967,-0.7984417827725279,0.7253522212892533,3.2886745403441537,0.2939924946340111,-0.4108379192169841
a057,10885.803144134064,0.0978205956855804,35,0,0.0595365192615719,-1.111253906394302,-1.2705264452613136,-0.1126516167393342,-0.746940241087156,-0.4496816101720268,0.4232300851446714,-0.545977647701237,0.5094507569875925
a058,11584.814001459228,0.7526477104630426,36,0,-0.6746679355578525,-1.5931503632759347,-0.1464998472373412,0.3279715745217824,0.0262386899986195,0.5652226138249228,0.4217055700324343,-0.8036710309686367,0.5142037790271724
a059,14493.733333382435,0.1059696464534803,65,1,1.5164017413551432,0.8926100793787888,0.5247851294153907,-0.3843925863236763,-1.5644324077928735,-0.935733603253868,-0.7852501072112826,-1.9543576142960224,1.6420722170762636
a060,16906.809496475034,0.1309558220304967,42,1,1.2171227799801014,0.3526229462474882,-1.04151273006207,-1.3049360726595312,0.9291397809467526,-0.8067644753307646,0.7063870728562067,1.0821403632867015,-2.088698879259221
a061,13840.867265608813,0.1382462025445414,31,0,0.162395929752267,-0.1673508951334155,0.1469621853461334,-0.5815288085340071,-0.0523251788901853,-0.9747976712573764,-0.2008457029341977,-1.7812422562441848,-1.0297427386986024
a062,6767.510685334699,0.0499908075245654,98,0,0.0553650681963509,1.6449026639263964,-0.2519950422341084,-1.15544655088673,0.7613295507395014,1.1465542936864528,-2.533582053391495,0.2722770538568314,-0.8956491883240723
a063,19027.49478788612,0.2334958445714225,18,1,0.3090776589783318,-1.8766068456932208,-1.133811249129865,-0.7636633410179778,0.9247249772174232,-1.4165718247396986,-2.0981259876587863,0.878922275805481,0.621018390587938
a064,9219.572242905686,0.2758035243906575,119,0,0.2173599894840241,0.8928394775020433,-0.1604440176104129,-0.5497730674514959,2.41344545679615,0.2384265704340378,-0.5545855689946281,-1.0097093241689887,-1.3035099537211683
a065,11021.78667880555,0.5279845527793754,100,0,0.8171659515419237,-0.4539622863424481,-0.028557989291916,0.0579254567236351,-2.328110654753093,-0.7901826548246618,-0.8075235667856442,-0.2535185920144195,-1.111545870375812
a066,9862.838168405122,0.4148881363718465,36,0,1.4993242823372814,0.0354259537976679,-0.8538242084143894,-0.0954839082596385,0.3828388460140562,0.2647528550557105,-0.5718010534622444,1.1232489902861884,2.344436683554252
a067,12085.174467211686,0.4746801819353695,30,0,-0.2635518787322191,1.7124881732966537,-0.4547000789050998,0.3443803745571344,-0.5027103140687144,-1.0330406622499315,-1.1925766693868944,0.2241313073961143,-0.65870977448485
a068,13177.433768507532,0.159603562162602,77,0,-1.2444051525941742,0.2953221394264568,-0.0510346603807905,-2.0676469508942725,-0.580774995553143,-0.831403221706853,0.523365399792442,-1.0670396176657992,0.0226692224480457
a069,5679.356457480829,0.2138336928859627,65,0,-0.3173511594215703,0.3061407277191634,-1.1795406530050492,-0.8178188278943288,-1.522087982649818,0.04127444711364,0.3349499727477342,-1.0564185278402425,-0.4386751984790233
a070,5037.412285218964,0.6715087832646875,102,0,0.4479775100816988,0.8634229439032003,1.2903321765543023,-0.0328210389138418,1.3627301104877034,1.3033751945000818,0.6778133648074183,-0.0571023766018596,0.5270297491916757
a071,11150.791825257593,0.2923139140101471,99,0,-0.3057270381231198,-1.382077788683826,-1.7914794441068331,-1.5160945665037848,-1.9478077332279755,-0.5335433981413609,0.1539298825309679,-0.909833558087192,-0.5931422405969284
a072,15196.09139819804,0.0749200636790218,68,0,-0.9484556755868908,0.1887541109775336,-0.3180488740224143,-1.1116472117522058,1.032207347525908,2.4273466841280675,-0.1504128187708905,-0.4940728818271794,-0.62195793490958
a073,9954.221304822448,0.5104006489964555,89,0,0.6349978312853848,-0.8031511795168873,0.49721526995901,-0.7749643659937218,0.3266501358897735,-2.403095638244848,0.2451869053800109,1.10624836809862,-0.3960130492887185
a074,16152.196940502983,0.1292773720990558,100,0,-0.854396280342766,-2.6975979583093856,-1.263770582143238,-0.5422692377593008,-0.4184895244955524,-1.7278113485813051,0.9092884742288988,-0.2909987646426001,0.4022751586640568
a075,11497.646122536666,0.3969548242181851,42,0,0.685565663924731,1.0334412598558589,1.855812782284325,0.8041306774960326,-0.8294539577304699,-0.4240290095347635,1.0579908834569427,0.0195711193473814,-1.3041563890317385
a076,5715.553166074872,0.321270911695144,108,0,0.0578337310460781,1.0365807676310002,0.4748871026926397,-0.3356529559945062,0.1743691469897383,0.6083834176380282,-0.1829054089682675,0.2735680697674693,-0.716043596500633
a077,13374.49918171782,0.4046481830851963,95,0,-0.9252703805728408,-0.1979255297136769,-1.8950091429706228,-0.3281335643360036,2.4776152297438943,0.3372354029211286,0.5105074151289212,1.6015941344069005,0.1943334074876473
a078,23044.042111595307,0.0481063392523495,110,0,1.157798031488571,-1.563640930881399,-0.5538373079053936,1.450663497475051,-0.2066210049533457,0.0314700675363651,-0.2283942273010352,0.0819898764146528,-0.4688467118198233
a079,15597.94336118944,0.3017277857494032,75,0,0.668026836907162,0.47448812086802,1.0446616695431,1.7303077334876162,-1.5901501780293572,1.1687161685787046,-0.845387480138434,1.5447449267001705,1.2305032416431545
a080,15049.537024261714,0.7823744324978087,55,0,1.3204165106278307,0.4014678808726108,0.5291250113724633,-1.1992537935312748,0.4336670028331958,1.667726707724955,-0.9279639787499072,-0.1747137914434514,-0.6201009679987015
a081,18170.96393917905,0.071936904797341,99,2,-1.0838762287723258,2.133498932380574,0.1972771993693042,1.8875792206748652,0.8527596629781231,-0.5395420210370293,-2.9780005450352864,0.9383464626882472,-0.400932644073645
a082,6839.328579451922,0.6299694117763048,118,0,-1.1300069850629937,0.3712555989674454,2.0178673899480093,-0.5185696021515027,-0.3590514238585139,0.4898149163398081,0.9996715072654816,-0.4918424764015921,0.769759748599309
a083,14047.283127657744,0.1954011165938348,85,0,-0.8360832023416432,0.5690963124466736,-1.9662750160776403,-2.9560975081580594,0.6109255618903108,0.5721442626191802,-2.6161235085310293,0.2709968617759157,-0.1574895219135094
a084,14697.578050011052,0.2543389628322171,36,1,0.4477854517086325,-0.9543146465504464,-0.2770263783393459,-1.3801677379413435,1.2148304829431205,1.5068804112326393,0.3342181859919981,-1.204370975249366,-1.7291695856392957
a085,12743.58343899891,0.4376934112195332,88,0,1.1150464305449956,-0.4402598418310621,1.0260126724470744,0.1229458602519508,-0.3972532228737168,1.7005198741247605,1.108470856792561,0.0811446080877386,-0.6395480333338416
a086,11487.129231616937,0.2774755252422123,62,1,2.045984245416315,1.562929800309232,2.138692531282248,0.2248120139245327,-1.1055772408405764,1.125437512002042,0.1623323443300392,-1.090282922654365,0.1186049861153109
a087,15582.497183095733,0.2762629899483346,86,0,-0.281724428715452,0.3874195904659669,-0.7591533311372918,-0.5961340792799008,0.6736685540685293,-0.9431405705625348,-0.3387293009923211,-1.9074510139341807,-0.1238965018986986
a088,8885.88515465255,0.2623121682138367,54,0,0.0109814235397299,1.0963074151250594,0.5975546324095924,1.7957837223854098,0.4516298558337412,0.3337431469422608,0.6927156428925285,0.3598294042587781,1.0608103216992366
a089,18389.950085433626,0.1685975514757079,79,0,-1.3032357949237514,-0.3903962143411606,-1.0228668427458192,0.4911472717316817,-0.4973718668326459,-0.2575522290754002,0.5207137610892175,0.4880226102624372,0.5355525375907617
a090,5080.590762031583,0.0584221661031956,37,0,-2.5520126981339746,0.0750552850553071,-1.6609532186215683,0.8753991136697695,-0.6532496954739351,-1.5115032101934265,0.8379779727244752,0.0469473755607358,-0.314204994748104
a091,16957.58267152607,0.2323523572911096,52,1,0.8982679857190385,-0.545345936152073,-0.2386404703160242,1.5763734008152768,0.1295045318798374,-1.539011885979691,-0.8432304372598827,0.4117928387611537,-0.7884431877608078
a092,11402.812486244642,0.0949315349661202,61,0,-0.3250056083699515,-0.2589943343640868,-2.2302026948848868,-0.5222434881049723,0.2863836596313432,0.1214247705723245,0.944788701639405,-0.6262942287445964,-0.9132566836648986
a093,18969.128801601048,0.2551214350751768,42,0,0.7666876617567709,2.270396831057007,-0.1302099094542198,1.1650043194797717,-0.4228703325197571,1.0749835196281277,-0.1607309596414972,0.0593757924394465,0.0859482721371455
a094,4172.978253602767,0.09579183200227,40,0,-1.2371744930890134,0.8045813876057428,-1.148557517263613,0.9316065457141426,1.2362048378485475,0.8971683744491732,0.5858025457042781,1.5028066234260022,-0.201573627821811
a095,12571.616681365018,0.2792730715308574,31,1,0.1805805031507568,-0.0349987794504011,-2.2203603350272947,0.8205920211587304,-0.1511193175845165,0.1293716015255887,0.2061443816384449,-0.3691156931578688,-1.900033131598298
a096,11669.786174203082,0.4944423326051465,109,0,-0.890553562641709,-0.0009576634966161,-0.7474441974859563,-1.157733191487198,0.9614987619803244,-1.436676512653716,0.4420827157127488,-0.4321990093131066,0.603720743685887
a097,14364.617892685592,0.1252182197999281,112,0,-1.0427436683952034,-1.409464562682823,-0.3415234360715865,0.0654171967331522,1.0135618435337386,-0.8261236698783211,0.9615277035736464,-0.8350429874386124,0.625185189600368
a098,7377.745849136112,0.2858028179428051,33,0,-0.3059843182739077,-1.7885360575973426,0.0178130500341993,0.2216567549031404,0.1501650879396621,0.0207808516051327,-1.107859490116868,-0.8172405189146087,0.5760499372437821
a099,7167.571534081416,0.1107870213760426,90,0,-0.0712435696464588,0.5104667938075987,0.7596747885569664,-0.7618447895239059,1.14639747860194,-0.4611613763376238,0.4848106845925315,0.3163793183977813,1.8077511055354845
a100,14684.99978788864,0.1615122905033124,84,0,1.407693750190642,-0.4526668724743572,0.0267155482497002,0.4575552779340337,-0.6827574233523312,0.4955355973331924,1.1477112359735675,-0.5037823764597907,-0.5108443993749258
a101,14443.434965079976,0.5764357408748356,25,0,-0.2290568267460501,-0.1410586376034398,-1.99374479263764,1.0987548472025932,-0.5740538822682216,0.6814680448677769,-0.3756360893418023,-0.468736630300782,0.4645186676563793
a102,13000.185046084209,0.073399202782135,54,0,-0.2414217090286641,-1.4181857388190595,-0.4772202995759366,-0.3602029863150037,-1.2732168147677323,2.6362517995701222,0.7473538613452094,-1.084122727343815,0.7924240220725987
a103,15625.88087842975,0.305781328968347,64,0,0.5809649705895339,1.0339663096341232,-1.3651517402194675,-2.368738655346889,1.2890318637572664,0.10610348796111,1.531997467442582,1.0185902643597062,0.7922552380434577
a104,16082.064824493138,0.2088369496645323,116,0,2.187854292197372,1.2189065421284038,-0.4225008306873088,-0.136517429660434,-0.074585935012099,-1.320187018746305,0.6327730430748036,-1.8186882662410693,1.3057799473104217
a105,6407.5342671304425,0.3834087353549755,57,0,0.3131176713565495,-0.5711859088719177,1.7738317584566916,0.3048599345888338,-2.225932269864944,0.1110055015917079,-0.7880539892750219,0.517918052489741,-1.0777930016694963
a106,13779.427476690784,0.636655773129099,112,0,-1.0480255353816037,-0.7470609661688489,-0.5190224983023903,0.2744948313132749,0.6910246143294204,-0.3430598659479469,-0.7800189799669643,-0.964406287151514,-1.1972984099564852
a107,17406.75313303162,0.1241434428121316,40,0,0.8016816845671157,1.7332239068571835,0.411393316086218,-0.2918020790520945,-1.362876010270608,-1.0230865189963263,-0.6101546491582276,-1.1998310215444428,-0.2126416245315439
a108,18678.014316419387,0.3245051370687376,19,0,-0.7916517760262023,0.5288681098462219,0.6802062073069526,0.6612177106270306,-1.355102048116278,0.414695395558887,-0.5041321816996936,0.6355316164381811,-0.006037259953108
a109,16275.922456638697,0.0104166230257798,99,0,0.7719087552180518,-0.9899078313047408,0.2001920394979494,0.0251726643897525,-0.6748526056533929,-0.4365354603716654,1.9348878664001463,-1.4196465208245228,0.4407574952136785
a110,16751.90496013927,0.3464762643225496,95,0,-0.9617220947874744,1.5628276003762909,-0.78199216272189,-0.0272536355825009,-0.5574835731722093,0.4033989825981866,-0.5707663542326914,0.3321623932667892,0.7730021585646142
a111,16418.202061594813,0.0794304653791983,116,0,-1.9736472357424024,-0.3948386577764746,-0.4693432212441128,-0.0725392730320438,-0.8726994116120361,-0.6042280303897591,-0.7612304502282372,1.3364704929943827,-0.4439145220602436
a112,13919.59278381782,0.1546808667832724,105,0,1.500531956089731,0.3513896004130606,0.4890012644592431,-1.3932359806424863,1.138188023049351,-0.1346237041306012,1.416215953499866,-0.7994943895482322,-0.4871159571375328
a113,7024.048049179938,0.3526645469983175,89,1,1.4914462484687565,0.6009644655832854,0.82226322354749,-0.0323324162598225,0.3732130057832026,0.0226310017830436,1.5150081120617576,1.0538709901135008,0.9939804402660593
a114,6103.750447137816,0.1926334034631423,88,0,0.6878748406946549,-1.325288957204643,0.1471360061244001,1.2104424667120492,-2.096642403605767,1.1803421267768497,0.1836282652268381,-1.2060434858557536,-1.2794055419587722
a115,6270.12548487841,0.1941436377567993,101,0,-0.0930904615042907,0.1259266569983665,0.1760240472395999,1.2353657924371484,-2.1992800848071625,0.8272540894027194,0.5981172244170205,-0.3819212436468419,0.1033401287701834
a116,13314.858388166926,0.58291032318005,118,0,-0.3859217003794713,-2.6652832288606203,2.102478578414854,-0.0368705173771173,2.152146403600752,0.8914622594148053,1.2867995663414693,1.2938329465187106,-0.5491953850352331
a117,9450.585030335267,0.2662074963809049,29,1,1.8508587345236815,1.5027830794819113,-1.8260283614831092,1.255698284129295,-1.3459886269369266,1.738332892798336,-0.7205292225865834,-0.2986579251158845,1.6252494311916972
a118,13490.623050494423,0.1350918164020565,32,0,0.9770705795619308,-1.182797007645039,-1.830245534626445,-0.0567039445972792,2.5421786873067465,-0.6020253532059833,0.8818461039862292,-1.2390349433945145,0.8081990172258113
a119,16446.93464871164,0.6638291122249311,60,1,-0.9351466107725755,0.1441822878036552,-0.1797584253766604,-0.5133026074527289,-0.4283704570180752,1.1719375643761822,0.9566598903595962,-0.6518714727749872,0.2703964608268024
a120,9877.177160636667,0.1773210737093582,7,0,1.5833819393101505,-0.5108351334032376,-0.6714953990740148,-0.968357797591596,0.0943051384756488,-1.059753847617108,0.582430379530842,0.1503359372768175,2.021634716685078
a121,5807.464176861897,0.5205481459257485,64,0,0.2045454612171753,-0.1954110154408168,0.4920232395121793,-0.1740591093539966,-0.7285038073405934,-1.0851852026368434,1.4418720457256662,1.2338119995294214,1.445292411470289
a122,9516.17098654862,0.1760575401551481,41,0,-0.9538012577724596,-0.6641833881388427,0.3106182909380113,-0.8634831521178741,1.5679107053153238,0.1181072038252081,0.5259779784296449,-0.4954614119024018,-0.4793380544146403
a123,9516.314627312357,0.2120755392230012,17,0,0.1693338877384116,0.7214429808159426,-0.3799364836994771,-0.1024023312366755,1.0064091340132575,-0.8356856478840295,-0.6210934232135773,-0.1657017092198255,1.4923779952157996
a124,14738.447859772114,0.2066521853612491,56,0,-0.0968759080818022,0.9187851035630388,2.5405094795410696,0.4946132967821963,0.8800401224054933,-0.3582620147996626,1.5210155802336676,0.0495700639333277,-1.058822424070175
a125,8313.63785329051,0.3788908115885114,34,1,0.851802507342366,0.2438186398563676,0.188893668197588,-0.3128206063580929,0.7068809791147115,0.296832488389545,-0.1663290330965345,-1.7943423769776865,0.1098012860374652
a126,10843.8210089052,0.0907308576399583,57,0,0.0972064090266229,0.289103201953623,0.0789458044063017,-1.882924889609603,0.5734837582966037,-0.4026399115885336,1.9399236298098792,1.2401247930443842,0.3030539627333217
a127,10206.00678760925,0.4133929578197087,53,0,0.6484631186586134,0.5124039304095401,-0.2059461361289943,1.1064484357136202,-1.1630274894842332,0.2218800589684898,-1.1752771826363748,-0.589930448406943,-0.1166932212804434
a128,16699.351970988297,0.6815963277487582,67,0,0.4626355956295566,-1.004578083333777,-1.3967257237194857,-0.2386439902099006,0.6818818225920112,0.5762250285078896,-0.3474938278394801,0.848982972802997,1.2640176378447765
a129,14305.23528162343,0.3095697953423655,102,0,-0.678640449923855,-0.7583985772307399,1.2352010836996037,-0.7112146029701975,-0.076863191612289,0.6162231705186436,-0.5480893775601433,0.3615388677021223,2.2738228776755927
a130,6395.189030073963,0.4115115618780988,34,0,0.2994240097068611,1.2283646464898257,0.2053089447033971,1.3124792973579915,0.1508436567991899,-1.3055720663835364,-1.0879375372475668,-0.3707411434666343,1.4265083641598095
a131,9435.211133833924,0.3408388076136918,118,0,-0.2982609683338737,1.583041129907924,-2.407075730445063,-1.30672414473801,0.5242402666813897,1.1241185920401109,0.0156729051588016,-1.1998441696585136,-1.9726880814064416
a132,13545.869419630497,0.1394942421000428,66,0,-0.3148591164021111,-1.5261163641212967,-0.6329837491059093,0.5364960664781253,-1.05146830924608,-1.5451291891686685,1.6788276174429466,0.0957244760154908,0.6239376264039418
a133,11726.65910274359,0.4200597401173258,105,0,0.1495866249847138,0.4180090351194396,-0.1959476408459184,-0.2360582292524509,-0.6929224682528725,-1.694359987430112,-0.0258181316311572,-0.3322529862248774,-0.9876039525916622
a134,9542.301818228494,0.2282337033833582,112,2,-0.4939452173963093,-1.824176930838089,1.108944446803673,1.184368309410469,-0.8751684765333502,-0.6700350906414593,-0.4468086261850641,-0.9276786088638108,0.2728414207057401
a135,17912.676728470902,0.1160907682071295,32,0,-1.0612184420079946,1.88467399059119,0.346751251893599,-0.262497673127973,0.8801603516534994,0.6625281563772334,-0.9603400655504968,-0.1563094160089097,1.378323446319874
a136,9618.128174873287,0.303536011791482,32,0,1.8741449480971368,1.7068911050923703,0.4897041957849671,0.9094860371142472,-0.8824960926651365,1.610942290040356,0.2704886128694498,-0.8511980533489478,-1.27398425330951
a137,14673.683398247813,0.2076801854478499,19,1,-0.1149580658017045,0.0762094497619372,0.6184227484000304,1.1006750011428497,1.461438031382957,2.0133744416095336,1.447042726580428,0.4956718049327752,0.2297531419497271
a138,11132.321684422794,0.1571639791564023,48,1,-0.1153073729060978,0.1417353538402966,0.0795383957231115,1.5775485427699618,-0.6524581109907212,-0.5897032703009414,-0.321068202114952,-0.810698441074418,2.0645843478851025
a139,4979.915898253319,0.4285951480411594,87,1,0.389509423829444,0.492278903386439,0.7993668483891703,1.039781932910717,-0.2794602606216506,0.1074331923641342,0.1650327155875691,-0.4199240258019299,1.0990696906896968
a140,3616.681086909248,0.0687333236436722,84,0,-1.0452437104654753,-1.5327597413938585,0.0312962652660486,0.0971522480397582,0.7332237511020132,-0.2529802635961498,-1.1276843648122492,-0.2444264959495936,1.3908682887632466
a141,4979.898655553351,0.298142394416779,92,0,-0.1716229487204403,1.998549445715401,0.0978778503550868,-1.978992098537006,-0.7775107258735784,-0.5928670713299918,0.4241331053545807,0.349755236552116,1.4604653431411108
a142,18934.314951214983,0.1462340159702972,14,0,-1.4876595964671109,-1.5251982118701706,0.4060475844136429,0.8905069895748382,0.3677658177970016,0.8312255611318522,-0.2832978707327777,0.158983284175101,-0.2213724803925825
a143,16273.207483898905,0.2799186719302325,76,0,-0.5249761825310681,1.3619996153656506,-0.2208951269778415,0.78112687016623,-0.5684854557866571,0.3966611917705265,0.8996682071715618,0.5003916267567403,-0.133995563945773
a144,12076.232567196466,0.0924880477342574,60,0,0.7880392901805584,1.0673791385057796,0.8739483090231831,0.006155762978944,0.2852937663930271,1.8997464494542096,-1.5905890944095318,-0.9243879334362106,-1.3695178259993546
a145,6827.106850603039,0.2107665749475676,73,0,1.557664319933434,2.0777917825352143,0.4684156730498937,0.5662983982837889,-0.3495506705290503,0.4087449145274858,-1.8002638447264028,1.7010648301173077,0.7890622211110674
a146,10863.45797731525,0.1853219572614952,16,0,1.3707874073491622,-1.40603294636811,1.7187063012104635,0.6738292546937967,0.0725565873670468,0.606958417868682,-0.1159384858441519,-1.113376823658113,-1.155255627152716
a147,18343.12668335217,0.3697553920945536,76,1,1.7469617830163653,-0.3838302190694887,-0.0040253751268097,-1.0871416434022363,-0.9792251085181812,1.1417300019404224,2.7256729947778826,0.6443776900223985,-0.8490439418740912
a148,16420.36937873197,0.1109815223233871,44,0,0.5851143761634431,-1.2520423773073996,1.2755469963027113,0.8960422875441222,2.8359243733060397,-1.6726611407127197,-0.149949993225918,-0.6457529513756257,-2.246587912085357
a149,14386.31268361854,0.2099715416509596,107,0,1.6454227438641102,0.6788250061346734,0.5895767921198417,-0.1225908400563944,-0.1820490148544399,1.0338321492550908,-1.818379837347612,0.6325248510171855,0.074694678303988
a150,17770.301772939543,0.2282161515630359,4,0,-0.6135615096664434,-0.5519026028456208,0.3795244616431947,0.1216736394228003,0.3382147458108552,0.7291106041841807,-2.541854266945033,-0.6853725779275748,0.7528675803307359
a151,7763.040302433948,0.0938704451365122,72,0,1.1446119181011538,1.185376913227879,-0.3537847274395684,-0.4243943830180938,0.2445415045197719,0.6321244029410809,-1.435915324243929,-0.4669847027137891,0.8725744180061618
a152,6865.70092679017,0.1350382765239723,87,0,0.5191797008414901,0.118261945430667,-0.8865470018333431,-1.3124586925691233,0.9702081562478504,-0.5918170761938739,0.9533883812555164,-0.0344703930067399,-0.5627211597258568
a153,13932.870110646929,0.1735970573132318,29,0,0.3972164093769654,-0.3735162454334046,-0.0862530276617582,-0.2806565500377241,-0.0909819526608959,2.1978403112777456,-1.1334761633943196,0.2810156026464287,-0.1334295847546654
a154,7913.981611405177,0.1124072923670406,8,0,0.9167665047951304,0.716394813322141,0.1839275397631906,1.5966587724426182,0.4185520207722716,0.2965345231875644,0.1807757457794369,-1.294265274844628,-1.3632892976167492
a155,17601.70143765921,0.2600787325392015,16,0,1.7419307257907874,-1.3618520558920493,-0.7091497824016711,-2.5969261101590853,-0.4086626237282127,0.4031602218444962,-0.8952149710753045,-1.0617990919893183,-1.4519749257956378
a156,15878.257656856418,0.1460735063838669,59,1,-0.0640449026470911,-0.2151621641092414,0.4599847743666062,2.3972179386792907,0.0585265077777526,1.800369887452637,-0.0496621806597058,-0.5573375003171268,-1.1539028553864503
a157,5995.142192058027,0.2386949227646345,79,0,-0.5658880995900153,-1.1513529785970955,-0.5125496484745443,-0.805373198643861,0.2164255851105461,-0.3685528433945645,0.3958907502951594,0.3016071001780318,0.2831972150117134
a158,12920.768736324631,0.705025544314994,67,1,1.1061767367571478,1.2084339756836318,-0.14128505630739,0.8648567044597709,-1.398424518701847,-1.041313841496797,0.1347994452716485,-0.5935012769349525,-1.442133303957412
a159,13436.157393182952,0.2759831296555182,108,1,-0.5725004804834997,-0.97663531015577,-0.0504401273765842,1.3971359818379,-1.3270653205683245,0.2730747247304325,0.3270080817416221,-0.764160491901915,-1.8892654054290277
a160,9708.090116967263,0.3976154526101326,103,0,-0.0210079084333234,0.1416319036816029,-0.210136610776121,-0.5760130454601611,-0.7748304755192348,1.1074063172494353,1.4381834633377837,-0.9236293774639128,0.282730494485921
a161,16784.830037392538,0.5386807575747834,34,0,-0.7120722986367529,0.9750414118356608,-0.5747587522279753,0.939480219790966,0.2296492416128838,-0.4876856311485452,0.7981123038537241,0.1627840450915627,0.8404170349895118
a162,14079.862346114192,0.4202688450383978,66,1,-0.6289748620466673,-0.0816872407949775,1.155236884790546,-0.0029925387934022,-0.1806316707922142,-0.7561080999535346,-1.242915712149329,0.8455727712843976,0.638771903430005
a163,7714.878691693252,0.2620078788211141,82,0,0.3206570758619924,0.8063463030549906,1.809340162513796,-0.7707387314746842,0.7445537594843307,-0.3544870996665576,0.0213290122675761,0.6012386944948985,0.0499647676915293
a164,15510.044246663403,0.2191307819963588,84,0,-0.0280018314966706,-0.1365658707459216,0.1326777997053728,0.3257024266965682,-0.5129787292212226,-1.185839743207186,-0.7627906018554111,0.4825273006136106,-0.8449426120800775
a165,12337.258967738424,0.5339587856549095,72,0,-0.8589853886970675,-1.0973779836160258,0.0235631963286449,-0.2809521704476361,0.1450800803412725,0.1494397307266165,-1.146789490021891,-0.0608217217876806,-1.3254204950030422
a166,15523.200549792668,0.3411405398622049,61,0,-0.3638496093430656,0.6647595977038905,-1.5675367326037777,-1.2863281286199046,2.223781142754596,0.009042673141595,-0.2765413616307807,-0.4755455827285429,0.6488897783707122
a167,14085.390573088378,0.1219887506564388,25,0,0.7992170179755842,1.2101586330182794,-0.2622592639605078,-1.2575217861580743,0.9721045018566096,2.0285454673160244,1.2076152335418178,1.9856293430605332,0.0670901222947689
a168,10576.193300820589,0.428534845482596,103,0,-0.5242826139960822,-0.6419401600043866,1.5867329015270466,2.118021957122152,-2.806055560890253,-0.0922548228180078,-0.292279079913437,-0.0163955049225321,-0.357747444227935
a169,14894.297403482582,0.1724955554111968,115,1,-0.8927949723862171,0.4078169338896905,-0.9314112398141006,-0.7054532697763439,-1.9559459366997132,0.4153404446554631,0.380511289296469,-0.6678868090662498,-0.9321587225029944
a170,9085.98267588856,0.0084922854633607,51,0,0.6033063407019693,-1.1791512794940588,0.2287427587984687,0.0938889837750606,0.7374204770884102,1.6417215124067803,-0.2416069344910568,1.5110380145059,-0.1178371547030074
a171,14545.211279770136,0.0541768232205335,55,2,0.7737446200779993,0.3479537119336842,1.1964817866853192,-0.0545629593682486,-0.2488864099580614,0.7537930545614552,-0.93849796287378,2.278776559430643,-1.1283087110374153
a172,15861.524347840386,0.2660966209244156,11,0,1.8141081384780071,-0.90673349627471,2.2450756995588703,-0.4100544680678197,0.0943428632154787,-0.1879025808027991,0.8691005337367697,0.4255249922046771,-0.1072083808121687
a173,4956.439410654718,0.0186945305197535,67,1,1.5370780613483934,0.7549956338283753,-1.4647005251607628,-0.8552028251689988,1.2073327023659246,-0.2968691886683963,-0.2547845576930456,-0.7587592789692347,1.9438869177191551
a174,11612.989220477612,0.2457813854221059,94,0,0.1754763154490612,0.2497296562256834,0.2553094889964946,-2.012738095464268,-1.2380023969687788,-0.4665298099346111,-1.0158308704767145,1.5711016711759804,-0.5566482393092982
a175,9577.462410330363,0.1412009847953453,77,0,1.0161411330965109,-0.4534821509557414,0.8435072436515666,-1.0659627202662263,0.2806561913806929,0.0321852070641292,1.172029005990452,-0.7442262627684855,0.5234838603152614
a176,11236.734737090024,0.2057798268942444,48,0,1.8500311562408625,-0.6797584895938703,0.0564592862416223,1.28667259337246,-1.251274385357121,1.820212523212796,-0.3542419492323506,0.7995739784066687,-0.0217811911073085
a177,14580.902369337451,0.4040653943512609,59,0,0.0670795941596257,-1.619296737569101,-0.5994079230724962,0.0579808883928141,0.6480088632349508,1.5034535340534363,-0.0974223743024712,0.435746257102564,1.5648797444448446
a178,12712.04827613569,0.5722006538142717,15,0,-0.8529740669826229,-0.6224335864326339,-0.3778045978749275,0.442815016810504,1.9835998125195669,-1.1227527690592036,-0.7109324791405394,0.5037781969019042,-0.4064128103668188
a179,12454.394427866888,0.3052629887563314,99,0,0.5809304674608392,-0.975198366396384,0.9416597043376856,1.1746451719996858,0.153552469753174,0.6164040197166786,0.3935435321827328,-1.737585693881757,-0.0092860162021811
a180,8743.513434927332,0.3437815186046373,95,0,-1.3292984626363995,-0.5191835975740784,0.5512737785454306,1.172622494205526,-0.5716592868298525,-0.4063233893500925,0.6131691796219823,-0.5674987635436944,1.3474185067654436
a181,11359.668602370455,0.2430540061856851,70,1,-0.3359688190498061,2.461397746766514,0.6058054946229983,-0.1877150661659699,1.0757158970220395,-0.5057069779752151,-2.717088964278956,-0.0780540740678481,-2.638755715303629
a182,14341.617281485052,0.3021559499380967,8,0,0.5940372678712877,0.4128414851682236,-0.5359082729035081,0.6220171254679808,-1.571895516497453,0.5189983068023052,0.1708743821356921,0.074678657570746,-0.315232414044422
a183,9383.276367766455,0.5216259285599525,69,0,-1.2586689408294802,0.0225186513547091,-0.8269509390713758,0.7195431467595894,-0.4308904699198956,-0.154828383156886,1.0252481883066598,1.248582889725227,0.6296561421827095
a184,10198.76709691817,0.2233719932468389,93,0,1.927125244404419,0.5680927171210637,-0.3831151532836557,-0.0134584699117911,-0.1839669314979187,1.139115513336862,0.6622603518054254,0.1517915268201212,-0.4652878501256195
a185,8903.40592458163,0.2508297750352621,13,0,0.1764156870338385,-1.2940238508008242,0.0090467453632135,0.0315606457192908,-1.826683921669758,0.1383020624990049,-0.0969234620281688,1.7184215507322989,1.0688217159228608
a186,11646.41937149014,0.1628768404884392,47,0,-0.6643388603902027,0.1733886809525736,-1.717942383254612,-0.5801008389137271,-0.9871922120896932,-1.7779705257050022,0.2911962176639945,0.0493819407956331,0.6465077439075584
a187,11732.830362213785,0.3577772126238895,73,0,0.9019774687243596,0.437610814082672,0.4601082551086383,0.5593429049833013,-0.257947164215,0.043225900347663,-1.908093286393605,1.5055539625224632,-0.7956195426801862
a188,14345.996325731245,0.2318863644407512,118,1,0.5396907086129006,-1.0337908158031528,0.8129755117937082,-1.905006339459943,-0.7414967759679463,0.2721145774609206,0.0149925788004059,0.9379223742206776,-0.2505637183279657
a189,11562.097254156828,0.391146607212008,39,0,1.0612495608431116,-0.4240227569251894,0.2583360747637837,-0.4186406792201484,0.6452008678682667,0.949861189864908,2.25273317378616,0.7785343495164534,-1.6861558426944636
a190,7473.212016926066,0.2519740491659519,21,0,0.4552253692220216,-0.4562893453838544,0.3244250375507769,-1.5806735874168834,0.3249776203923635,0.3835341777321405,1.0279145571239865,0.9159781087995268,-0.3232490122651912
a191,12233.548467354634,0.0451604439461007,98,0,-0.453933234883963,-0.5428044885168445,-0.6649685076461529,-1.8435364685232536,2.4692318996785483,0.1547220732751424,1.454993661305433,-0.5838118612862907,0.5797667583452958
a192,12099.649814000886,0.4187405770602588,46,0,0.7972760439240347,0.0158382192129545,-1.1121960809055174,-1.2467567160835715,0.1031517543574674,1.9190543933692088,0.0890907888272346,-0.3277139865801785,-0.7251239050172282
a193,12235.54009851108,0.1193230803213551,55,0,-1.575213542388615,-1.4435937886458536,0.0209731589797027,0.3773116072622014,-0.7424234666218048,-0.0719756118989026,-1.547137931084857,0.31284195410807,-0.6800840186185065
a194,13149.541182576057,0.0928340368071577,38,0,1.7967981482063162,0.567492030241344,-1.3557327255715863,0.4030773626671108,0.1299993161693692,0.1330128791601421,-0.0427107162373489,-0.486531519681933,1.5652877657048612
a195,15375.24357295668,0.4561766452638685,90,0,0.9334525744294464,-1.6904730961768075,1.0047346726099164,-1.4546361283020597,0.4966993590699797,-0.6490603867844527,0.0214367073576267,1.4016409829679413,-0.5009314845032306
a196,17891.278120962328,0.2813714426696093,45,0,1.9610890217209611,-0.3305050938623801,0.5090274278447092,-1.3250121138692466,-0.0137065746664738,-0.9255925892543294,0.1607891960867299,0.5564352761542379,0.4041426967906814
a197,14708.051262121371,0.0922128963497155,81,0,-1.4437517134696445,0.0223805161890987,0.3302411443956926,0.9329627885458972,-0.1513348576307102,0.246327605369846,0.3298178673423736,0.174736908655858,1.4014142928413695
a198,8855.583470735808,0.4109626173222481,104,0,2.4005491368003784,1.0314384840688402,-0.5175852061692581,0.87131424675472,-0.8837794578549081,1.9880223767921208,-2.068660440402516,1.5311847352232268,0.7949615567806043
a199,10894.577069863244,0.1398646469464165,95,0,0.3998870187898676,0.4030355083745499,-2.1291991731488724,-0.5391950758965864,-0.7969971033841258,-0.9185415813842502,0.3472403805737002,1.538128357004929,-0.6331485470515915
a200,11330.520061209178,0.113171371006578,93,0,-0.4431199354981134,0.1231630381857435,-0.3811412652670791,-2.3149517795071453,-0.7246770092542252,0.0075689443677977,0.8237392987217119,0.1176689893063964,-1.995925456565209
