application_id,income,loan_amount,loan_duration_months,existing_debt,credit_score,collateral_value,DTI,__label
app_e827ed1b,4304.72,5760.1,45,776.23,563,6912.11,0.537,1
app_8711dd0a,1500.0,18767.04,32,893.28,540,13136.93,1.2,0
app_0ad84127,3379.4,22666.75,36,1350.9,632,15866.73,1.2,0
app_7520f266,3140.71,14212.5,24,751.38,696,17055.01,1.2,1
app_f81bc500,2315.14,13914.42,50,838.19,570,9740.1,1.2,0
app_46c199c5,3647.87,15193.86,40,565.09,730,18232.63,1.2,1
app_301a1aa5,4641.65,15561.51,29,574.49,643,10893.06,1.2,0
app_793b8ffc,5128.97,11316.32,25,70.21,745,13579.58,1.073,1
app_53bdd5be,3243.25,21258.93,28,992.86,608,14881.25,1.2,0
app_da5a01dc,4218.69,17228.57,38,671.57,704,20674.29,1.2,1
app_7288989f,2789.12,21787.73,18,772.13,567,15251.41,1.2,0
app_82d3f25a,3361.12,10349.15,53,53.67,767,12418.98,0.713,1
app_b20e4336,1500.0,15990.69,37,1134.49,649,11193.48,1.2,0
app_379c19ad,4793.35,9907.65,30,743.19,686,11889.18,0.982,1
app_498e25d5,1500.0,11200.28,24,1098.86,609,7840.19,1.2,0
app_fc8d9781,4690.49,9436.48,37,650.24,678,11323.78,0.791,1
app_11afdf9d,2956.78,14028.44,31,747.3,516,9819.91,1.2,0
app_41176eba,4486.97,9183.59,36,592.3,731,11020.3,0.814,1
app_6d436a08,3165.39,17409.09,30,868.11,481,12186.36,1.2,0
app_7123777d,2552.89,4063.8,24,559.91,636,4876.56,1.015,1
app_5d13b0ba,2121.84,25795.37,31,1195.01,534,18056.76,1.2,0
app_53b94e55,3794.56,6299.87,31,736.12,579,7559.84,0.837,1
app_f2229848,2934.42,19426.41,28,321.58,605,13598.49,1.2,0
app_8efe4cf8,3470.51,13396.06,36,1040.71,683,16075.27,1.2,1
app_9c94d6e9,1500.0,19075.65,38,1443.68,658,13352.96,1.2,0
app_08298af5,4356.87,20779.82,21,144.1,635,24935.78,1.2,1
app_f6157454,2110.19,9739.88,43,811.11,497,6817.92,1.2,0
app_5db30ed1,2984.42,13881.08,46,1198.69,850,16657.3,1.2,1
app_4ab0d319,2914.41,12062.77,10,1007.08,543,8443.94,1.2,0
app_877e3817,3584.64,8327.42,34,826.39,710,9992.9,1.05,1
app_029b457a,2341.37,11786.08,15,705.48,596,8250.25,1.2,0
app_0a6e3ae1,5767.93,12781.65,47,200.28,617,15337.98,0.601,1
app_58b37a63,1534.88,13648.64,61,571.45,658,9554.05,1.2,0
app_57ca92ee,3097.07,17589.44,40,337.34,697,21107.33,1.2,1
app_1b401af9,1845.21,20676.43,30,409.76,510,14473.5,1.2,0
app_211ebf9e,4172.59,21474.55,37,352.54,720,25769.46,1.2,1
app_505e5e4f,3806.0,19316.3,31,1342.52,630,13521.41,1.2,0
app_2b83c348,5535.76,13099.41,21,0.0,815,15719.29,1.2,1
app_0b0688f7,4223.67,16922.88,31,1484.58,522,11846.02,1.2,0
app_cb04edac,3105.27,15859.96,31,397.95,688,19031.95,1.2,1
app_c513d8e0,2837.57,26444.89,37,1157.58,456,18511.42,1.2,0
app_1453b3c2,3951.28,6940.62,21,48.74,676,8328.74,1.016,1
app_d68e910d,3415.9,10041.64,36,706.33,577,7029.15,1.187,0
app_46db9f63,5002.76,15228.69,52,338.2,651,18274.43,0.77,1
app_a2896193,2276.14,19454.98,38,466.24,606,13618.49,1.2,0
app_8dfed813,4228.23,27104.84,58,58.7,679,32525.81,1.2,1
app_af2ff8f9,1500.0,14455.76,39,1382.34,548,10119.03,1.2,0
app_c225fd61,3345.85,1000.0,34,0.0,662,3000.0,0.105,1
app_1a0f6d9e,1623.14,17434.42,14,313.18,749,12204.1,1.2,0
app_389ef921,2712.58,5419.29,58,1562.03,617,6503.14,0.989,1
app_07469630,2131.75,20049.33,56,505.26,582,14034.53,1.2,0
app_be852873,4777.34,14608.6,31,346.47,603,17530.32,1.2,1
app_6115d785,2261.83,16401.68,38,677.87,633,11481.17,1.2,0
app_9f15c76a,5012.72,12932.58,40,421.26,700,15519.09,0.858,1
app_c91eb736,1778.44,19898.97,34,1737.27,710,13929.28,1.2,0
app_f9822d3a,4385.85,7421.66,22,876.46,718,8905.99,1.123,1
app_e10e0ba1,2980.14,7532.48,47,1081.77,522,5272.74,1.008,0
app_ccab84d8,3528.48,13582.3,36,283.13,692,16298.76,1.2,1
app_c06cf45d,2248.02,18915.38,53,0.0,583,13240.76,1.2,0
app_f68d2797,4176.51,13775.96,31,0.0,722,16531.16,1.2,1
app_6a16250c,4227.35,8796.83,46,768.59,595,6157.78,0.725,0
app_2d4e426c,2947.1,9993.26,51,633.06,821,11991.92,1.013,1
app_29d9d7ea,3677.41,20634.52,56,1075.6,657,14444.16,1.2,0
app_a131435d,3703.43,12399.27,27,795.83,617,14879.13,1.2,1
app_e19dc6e6,3282.35,16856.09,50,1200.35,727,11799.27,1.2,0
app_7b711841,4730.77,2567.76,35,0.0,663,3081.31,0.186,1
app_b1089610,4011.23,21825.2,27,494.51,602,15277.64,1.2,0
app_05f4c0c9,2783.44,7973.16,39,862.12,742,9567.79,1.191,1
app_98eefe28,1500.0,19826.2,36,1065.56,713,13878.34,1.2,0
app_2e56dfc5,1936.76,8453.38,43,0.0,803,10144.06,1.2,1
app_4f07e244,2868.36,23079.5,29,1225.51,674,16155.65,1.2,0
app_2d02d534,4232.88,13406.41,39,54.66,689,16087.69,0.987,1
app_55add027,2347.48,20300.36,47,476.59,591,14210.25,1.2,0
app_931a19e8,5481.46,7538.47,26,480.92,759,9046.16,0.722,1
app_2d104d9e,2511.43,25973.76,46,1236.73,638,18181.63,1.2,0
app_41bec1ac,6327.65,10769.03,11,1041.7,667,12922.84,1.2,1
app_d7467b0e,2607.88,25857.3,16,399.34,487,18100.11,1.2,0
app_02e4a0f8,3205.86,14637.82,42,510.51,601,17565.38,1.2,1
app_98009da2,1500.0,18326.12,30,1083.75,649,12828.29,1.2,0
app_54f832ef,4138.24,16560.8,38,612.03,650,19872.96,1.2,1
app_588e6f9e,2320.39,19180.66,45,742.5,636,13426.46,1.2,0
app_bb421389,3734.16,11294.75,45,0.0,609,13553.7,0.807,1
app_af1a541e,1500.0,3998.3,27,1199.77,580,3000.0,1.2,0
app_c8f560d6,4197.79,18535.3,51,372.34,794,22242.37,1.128,1
app_86075ced,2592.13,12975.61,28,307.79,537,9082.93,1.2,0
app_683c6ddf,3641.98,16821.51,56,0.0,727,20185.81,0.99,1
app_98d45dda,1500.0,20848.18,34,167.64,664,14593.73,1.2,0
app_cc0d8b72,3395.0,8796.6,23,138.29,729,10555.92,1.2,1
app_40ac925f,2310.76,19971.97,40,1428.26,576,13980.38,1.2,0
app_3bfe07a3,2523.14,18403.33,32,845.84,726,22084.0,1.2,1
app_aeb6a7e3,2368.86,20092.66,59,1730.79,604,14064.86,1.2,0
app_b3b263d9,4160.19,18457.44,25,533.23,698,22148.93,1.2,1
app_d3c46379,2813.91,12999.79,16,70.81,521,9099.85,1.2,0
app_7f60a132,3541.32,10240.85,59,842.4,632,12289.02,0.826,1
app_9b99ecd8,2847.71,15557.53,32,974.13,643,10890.27,1.2,0
app_b90ccd50,3660.74,18383.11,22,402.54,850,22059.73,1.2,1
app_0a7fcda6,2723.08,26599.29,37,1132.31,596,18619.5,1.2,0
app_bf250925,3829.59,7323.11,41,59.39,746,8787.73,0.575,1
app_42038b68,3585.29,20199.19,32,1081.59,578,14139.43,1.2,0
app_4de34b20,4935.55,1011.56,31,0.0,595,3000.0,0.079,1
app_3c0413d0,3863.86,23371.11,27,299.0,392,16359.78,1.2,0
app_2ab497cc,3456.5,26522.49,41,176.17,732,31826.99,1.2,1
app_c9deac35,1500.0,16216.06,37,865.56,655,11351.24,1.2,0
app_ff185e33,4344.65,16009.96,27,759.13,814,19211.95,1.2,1
app_c82958e3,1529.85,12673.83,52,823.46,698,8871.68,1.2,0
app_f351b416,3557.46,20730.27,37,503.29,809,24876.33,1.2,1
app_4d35121e,2138.23,12353.27,30,1080.93,490,8647.29,1.2,0
app_08508644,4637.47,8767.37,49,0.0,644,10520.85,0.463,1
app_34f9349c,1500.0,13042.62,38,828.31,582,9129.84,1.2,0
app_addfe1ea,3840.82,13220.33,23,682.74,746,15864.4,1.2,1
app_cb8d0ca5,2885.04,21339.2,39,1714.03,593,14937.44,1.2,0
app_987740ab,3692.92,7478.83,23,0.0,637,8974.6,1.057,1
app_f0008698,2429.32,20005.77,36,593.79,663,14004.04,1.2,0
app_36f6c690,4739.41,11042.11,28,619.37,713,13250.53,1.129,1
app_0915ef02,1500.0,17592.12,39,540.12,613,12314.48,1.2,0
app_066809d0,2545.18,20017.12,50,298.99,725,24020.54,1.2,1
app_57eefd2c,1500.0,11061.91,32,471.15,650,7743.34,1.2,0
app_427cedce,5997.3,4940.31,25,494.18,812,5928.37,0.478,1
app_fc4036e7,1500.0,19494.22,57,239.3,510,13645.95,1.2,0
app_50071b2c,3576.39,8876.47,45,496.66,575,10651.76,0.801,1
app_9cf0bbfa,3015.41,14534.77,51,648.96,555,10174.34,1.2,0
app_72f59d3e,4541.13,16577.56,41,0.0,737,19893.07,1.068,1
app_fc1a373b,1500.0,19411.66,18,1078.53,543,13588.16,1.2,0
app_90b43208,2717.37,16282.92,38,154.41,801,19539.5,1.2,1
app_75ab12e5,2059.35,18192.65,39,652.13,632,12734.85,1.2,0
app_92046041,3466.55,9530.17,52,0.0,531,11436.2,0.634,1
app_5213d41b,4110.94,33295.97,31,125.26,578,23307.18,1.2,0
app_98dc629d,3713.78,10860.46,22,631.82,736,13032.55,1.2,1
app_14bcaae3,1500.0,22195.18,60,968.78,576,15536.63,1.2,0
app_9ebd6ba7,3858.0,15691.54,15,465.76,672,18829.85,1.2,1
app_2a7e6e7e,4347.83,16954.96,56,458.5,641,11868.47,0.941,0
app_c64f044a,4319.4,6785.72,38,885.01,677,8142.86,0.701,1
app_2da8d780,1500.0,17894.62,25,763.06,594,12526.24,1.2,0
app_7b1ff321,2294.35,2306.05,41,190.91,520,3000.0,0.377,1
app_1c30f432,3284.84,19634.22,27,373.27,658,13743.95,1.2,0
app_6eab8a8f,4349.35,26295.61,41,555.08,688,31554.74,1.2,1
app_79f8453a,3316.78,21750.51,51,691.47,569,15225.36,1.2,0
app_ee24b60d,3520.9,16744.81,53,216.46,670,20093.77,1.138,1
app_6c1129da,2814.08,16525.43,47,0.0,542,11567.8,1.2,0
app_837be1db,3217.58,1000.0,24,33.94,685,3000.0,0.166,1
app_d5a53127,3612.97,16529.64,23,877.22,673,11570.75,1.2,0
app_eafe7856,3024.04,6536.55,42,311.39,745,7843.86,0.721,1
app_679f5aa1,2486.35,22209.98,23,895.17,585,15546.99,1.2,0
app_3bd02fd6,2784.11,2619.13,44,259.62,628,3142.96,0.35,1
app_c66d208d,2403.82,24768.11,8,301.34,535,17337.68,1.2,0
app_6f97287b,5461.18,13695.52,45,0.0,621,16434.63,0.669,1
app_cae044cb,2947.81,18349.65,42,824.93,619,12844.75,1.2,0
app_6e9f8f7e,4158.12,16666.6,45,0.0,542,19999.93,1.069,1
app_e62998a0,3501.75,25126.35,23,156.07,606,17588.45,1.2,0
app_7637139d,4930.84,22785.57,42,251.31,637,27342.68,1.2,1
app_15ee918d,2511.45,16204.41,23,1719.5,724,11343.09,1.2,0
app_0be679db,5136.05,6474.9,46,655.85,730,7769.88,0.457,1
app_f93ef641,3749.67,21812.23,44,1154.76,623,15268.56,1.2,0
app_0abe2c56,2216.39,12501.73,29,0.0,817,15002.07,1.2,1
app_1628626f,4229.0,26155.32,39,1440.25,600,18308.73,1.2,0
app_c1e04c14,4202.8,5439.17,40,424.15,608,6527.01,0.489,1
app_1526b8cb,2448.8,17521.62,57,1257.69,600,12265.14,1.2,0
app_a3f8761a,4248.79,12265.27,33,0.0,689,14718.33,1.05,1
app_28d8cd4a,1753.9,10498.11,42,1056.51,474,7348.67,1.2,0
app_f415bf54,3877.32,17974.21,48,810.33,702,21569.05,1.2,1
app_0d8a72a5,1654.95,11497.81,40,1051.71,690,8048.46,1.2,0
app_7a943d16,5099.98,11206.63,21,272.36,715,13447.95,1.2,1
app_04dc4e51,2297.92,14532.64,39,698.42,556,10172.84,1.2,0
app_09c0c24f,4311.45,9588.04,38,509.28,620,11505.65,0.82,1
app_b5f03236,2018.76,26626.66,22,53.34,469,18638.66,1.2,0
app_2ebda6d2,4029.11,12185.5,34,885.68,512,14622.6,1.2,1
app_8f2b377b,2895.93,27368.63,22,748.08,547,19158.04,1.2,0
app_11acfa55,3105.65,10042.43,53,1134.95,676,12050.91,1.098,1
app_287bc0f1,4405.06,18213.46,57,862.68,609,12749.42,1.066,0
app_5ff3e550,4365.47,31073.12,46,117.09,767,37287.75,1.2,1
app_415eb743,2138.17,15061.5,46,912.43,619,10543.05,1.2,0
app_b852ee3f,4013.99,14019.5,41,0.0,746,16823.4,1.022,1
app_5ed59928,1517.98,9346.21,35,933.59,551,6542.34,1.2,0
app_286ce03c,4831.03,3946.95,31,166.05,696,4736.34,0.351,1
app_71d91637,2778.86,11952.64,44,925.2,467,8366.85,1.2,0
app_e57c7d1a,2041.41,11926.08,33,358.63,698,14311.3,1.2,1
app_d867254e,2725.56,23685.9,22,431.21,523,16580.13,1.2,0
app_12828848,4288.92,19469.68,30,0.0,580,23363.62,1.2,1
app_325343c6,1666.96,14653.63,31,915.43,578,10257.54,1.2,0
app_dbc6d156,5049.34,7943.9,25,591.55,592,9532.68,0.872,1
app_7884ba00,2889.69,18615.32,34,1535.31,556,13030.72,1.2,0
app_e62e8733,6060.3,10647.41,20,427.97,624,12776.89,1.125,1
app_3ed8c72e,1748.24,20382.2,42,651.13,669,14267.54,1.2,0
app_daf28a30,5157.51,20617.81,42,945.37,568,24741.37,1.2,1
app_db4e4aaa,2182.09,12797.97,37,671.42,588,8958.58,1.2,0
app_9d6190a1,5882.17,10981.68,40,307.09,705,13178.02,0.612,1
app_1f2f2df4,2506.02,20689.94,49,1558.96,621,14482.96,1.2,0
app_efae6149,4589.55,5094.81,34,776.12,760,6113.78,0.561,1
app_40a12a1d,2711.61,23318.36,41,1380.12,620,16322.85,1.2,0
app_30b820f8,3644.3,14015.05,6,553.15,444,16818.06,1.2,1
app_9809c166,1500.0,20710.61,41,435.03,550,14497.43,1.2,0
app_e5062845,5370.54,9095.82,62,399.23,728,10914.98,0.402,1
app_978bad5a,4116.87,18786.16,23,856.11,597,13150.31,1.2,0
app_98419737,2635.26,10465.01,27,769.74,702,12558.01,1.2,1
app_e2969c03,2217.2,17362.91,38,1146.73,530,12154.04,1.2,0
app_fb588155,2958.41,18628.08,31,0.0,731,22353.69,1.2,1
app_cf2004ea,2963.37,8815.71,38,1194.23,626,6171.0,1.2,0
app_f3c8f17a,4631.98,3574.39,39,278.95,666,4289.26,0.298,1
app_3621ea99,3370.56,26875.65,57,1425.92,592,18812.95,1.2,0
app_b447cc81,4352.72,16600.94,37,452.31,757,19921.12,1.2,1
app_f371bc2a,2440.72,13624.28,31,1153.56,600,9536.99,1.2,0
app_44f28bb9,4340.21,16020.48,31,702.5,726,19224.57,1.2,1
app_c69c4e00,1500.0,26653.83,29,237.96,526,18657.68,1.2,0
app_fbace56f,2978.95,12313.04,32,265.27,743,14775.65,1.2,1
app_4ddc706c,2839.88,19896.29,40,1146.45,452,13927.4,1.2,0
app_1f7153af,3635.56,1000.0,36,398.15,773,3000.0,0.201,1
app_867a30cc,3687.63,19216.65,29,1094.06,563,13451.66,1.2,0
app_3357e7ce,3998.61,17916.82,29,722.27,747,21500.18,1.2,1
app_43e4bacb,1545.21,23843.36,44,940.77,546,16690.36,1.2,0
app_9bc10af6,3140.79,8774.02,42,17.75,730,10528.83,0.804,1
app_b420085a,1500.0,16775.59,37,1878.05,503,11742.91,1.2,0
app_2f474e95,5472.01,12899.05,40,447.34,731,15478.87,0.789,1
app_a48defdf,2346.31,26724.3,30,1352.89,554,18707.01,1.2,0
app_158a7e4a,3939.75,5568.22,41,978.05,694,6681.87,0.662,1
app_12b06619,2303.11,11312.3,33,262.88,536,7918.61,1.2,0
app_735384fb,4226.79,19914.08,69,165.37,800,23896.9,0.858,1
app_46cc553b,2743.75,17092.51,41,924.77,607,11964.76,1.2,0
app_294c4734,3591.67,3611.34,17,661.3,680,4333.61,0.894,1
app_84767263,1903.91,18051.03,45,972.15,554,12635.72,1.2,0
app_c92074d5,5226.29,21475.11,41,789.47,786,25770.14,1.2,1
app_5f8ed0b0,3630.1,21684.6,43,1107.86,523,15179.22,1.2,0
app_d1b0fb68,4700.72,3865.12,26,921.43,758,4638.14,0.576,1
app_fce69fa2,3987.4,16369.95,22,803.83,607,11458.97,1.2,0
app_69da717d,4078.99,18802.08,31,540.81,630,22562.5,1.2,1
app_71427f28,2950.32,18018.65,27,805.67,587,12613.06,1.2,0
app_cb84d55a,3729.84,22628.05,34,302.44,553,27153.66,1.2,1
app_c31c6fbc,1605.79,16421.56,27,1452.68,588,11495.09,1.2,0
app_06d7b8fc,5288.44,12370.23,36,364.48,700,14844.27,0.849,1
app_7d7a9d48,4218.8,4082.34,11,682.73,601,3000.0,1.129,0
app_bb835ffb,4690.1,14838.52,31,807.62,772,17806.23,1.2,1
app_25da7946,2684.06,23775.95,39,675.41,648,16643.16,1.2,0
app_3393ff2a,4110.61,12008.04,53,0.0,600,14409.65,0.661,1
app_5ee9ae99,1500.0,15820.44,32,297.07,531,11074.31,1.2,0
app_ba783b77,3139.16,26744.54,57,235.3,674,32093.45,1.2,1
app_92e0457b,1500.0,6551.22,34,500.86,594,4585.85,1.2,0
app_168102ea,2399.79,7428.15,37,546.48,729,8913.78,1.2,1
app_47777e51,1500.0,23128.11,26,1153.14,599,16189.68,1.2,0
app_342b02d3,2623.61,10102.81,40,645.19,690,12123.38,1.2,1
app_d5555c3e,4031.78,24045.06,32,1200.05,735,16831.55,1.2,0
app_7e07d0c5,5960.48,4632.0,24,993.97,625,5558.4,0.555,1
app_68cca06f,1500.0,15082.84,41,859.04,554,10557.98,1.2,0
app_5cdefc0a,3325.79,7725.98,25,1312.65,720,9271.17,1.2,1
app_5a243d19,3386.76,15065.54,33,614.58,414,10545.87,1.2,0
app_710b7d60,2621.99,1136.29,9,0.0,792,3000.0,0.433,1
app_2a75a622,2455.56,25743.38,40,1213.02,536,18020.37,1.2,0
app_9632e587,4523.95,16372.29,29,623.82,739,19646.74,1.2,1
app_e198d026,1950.45,11263.39,21,934.6,622,7884.37,1.2,0
app_595b54ac,3207.47,12159.51,42,647.28,808,14591.41,1.2,1
app_f7652a7c,3776.98,11992.25,56,687.61,673,8394.58,0.862,0
app_a146b662,4067.99,9527.1,14,331.37,590,11432.52,1.2,1
app_f49171d6,3467.3,27100.76,26,1020.79,549,18970.53,1.2,0
app_8d21e008,3371.52,16646.97,35,1095.86,666,19976.36,1.2,1
app_6841a976,3499.34,18584.48,45,721.14,596,13009.14,1.2,0
app_057b1958,3884.5,6983.66,43,660.1,741,8380.39,0.672,1
app_bbd3d9e1,4036.97,26696.07,31,1049.22,556,18687.25,1.2,0
app_f7a8c01c,4023.36,8401.5,55,545.48,684,10081.8,0.591,1
app_4f927998,3693.62,4976.31,11,1218.34,604,3483.42,1.2,0
app_a87bc16c,4250.45,4041.62,35,1201.4,757,4849.95,0.609,1
app_6faf0ca1,2669.71,15365.68,31,48.32,618,10755.97,1.2,0
app_e45d27a4,4845.48,2546.28,28,0.0,632,3055.54,0.225,1
app_dfdd5161,2553.48,5493.59,43,1201.54,582,3845.51,1.071,0
app_576c60ed,1519.29,6021.49,50,0.0,675,7225.79,0.951,1
app_2e048ea1,1500.0,22827.42,27,1061.58,639,15979.2,1.2,0
app_d4abbdfc,5836.23,10782.35,40,0.0,783,12938.82,0.554,1
app_e378d783,1739.49,14635.48,35,274.85,616,10244.83,1.2,0
app_aff64a89,4967.47,13757.6,16,350.48,751,16509.12,1.2,1
app_c5caba34,1500.0,11551.4,46,1008.04,628,8085.98,1.2,0
app_b37df882,5859.49,14811.32,43,1484.3,685,17773.58,0.959,1
app_8d27bf4a,1702.12,20566.78,41,689.31,527,14396.74,1.2,0
app_764eb80d,6309.84,13961.06,27,766.37,692,16753.27,1.105,1
app_e2bcb270,2247.12,21373.64,20,1041.05,733,14961.55,1.2,0
app_0b3de616,4466.18,9742.73,29,235.86,682,11691.27,0.955,1
app_96273d44,2122.19,23497.87,15,1244.8,573,16448.51,1.2,0
app_dab23649,4376.95,5238.07,51,898.25,767,6285.69,0.487,1
app_1e6cf972,1500.0,22974.73,40,257.89,598,16082.31,1.2,0
app_381ec133,4364.53,15336.45,38,516.49,803,18403.74,1.2,1
app_e4257a1b,3726.03,1000.0,32,834.14,477,3000.0,0.325,0
app_26a34ae2,4094.18,19492.55,22,534.56,635,23391.06,1.2,1
app_d8933fdc,1828.09,26864.36,29,1084.88,469,18805.05,1.2,0
app_0c10a356,5862.32,15615.91,33,630.22,601,18739.1,1.076,1
app_875027db,3682.53,16056.09,33,703.34,559,11239.26,1.2,0
app_6e8afd22,4694.67,13535.44,43,396.48,735,16242.53,0.889,1
app_1282ee80,2081.15,31378.39,17,1404.37,695,21964.87,1.2,0
app_5b615515,3147.84,25375.64,47,788.46,701,30450.77,1.2,1
app_67e0edc0,2282.77,16743.55,40,1460.47,612,11720.48,1.2,0
app_3b84e57e,3088.56,16946.56,47,661.86,752,20335.87,1.2,1
app_816fb136,2229.07,12426.06,25,245.81,616,8698.25,1.2,0
app_205f4727,3916.55,9360.07,6,0.0,778,11232.09,1.2,1
app_082e1f42,1835.37,20163.55,19,1475.48,589,14114.49,1.2,0
app_ecf9f7f6,4290.04,25954.68,54,277.37,658,31145.61,1.2,1
app_0dc7048e,2174.45,21059.39,34,741.9,702,14741.57,1.2,0
app_e3c0edb1,3885.79,25797.53,37,1114.13,725,30957.04,1.2,1
app_063d39d4,3462.96,13652.33,25,1083.88,669,9556.63,1.2,0
app_1a13a0ed,4040.26,4281.64,19,0.0,576,5137.97,0.669,1
app_41aa69e1,2609.49,24750.26,35,0.0,586,17325.18,1.2,0
app_94926b86,3837.2,24575.99,18,243.73,819,29491.19,1.2,1
app_a9c0f718,2949.98,21379.88,37,1031.98,654,14965.91,1.2,0
app_574d7961,3190.51,17268.35,19,531.35,712,20722.02,1.2,1
app_592f84fe,1883.71,17863.89,28,471.32,575,12504.72,1.2,0
app_220ad30a,2896.01,13936.78,22,684.79,617,16724.14,1.2,1
app_fb27e9fd,1933.71,14252.38,51,1032.12,585,9976.67,1.2,0
app_a3d5ce91,4498.72,1000.0,35,1199.01,709,3000.0,0.343,1
app_34d85c1b,2567.91,21288.77,46,101.01,482,14902.14,1.2,0
app_c8feaec8,4210.29,7710.74,51,273.93,564,9252.89,0.496,1
app_c65d8001,1500.0,1501.94,33,824.65,570,3000.0,0.914,0
app_e853ec1d,5078.88,19191.12,33,0.0,743,23029.34,1.2,1
app_9d38624a,3055.36,19856.35,47,434.07,740,13899.44,1.2,0
app_b740c259,3040.57,16495.34,15,27.89,806,19794.41,1.2,1
app_41a5bdfb,2239.1,23039.54,38,858.02,695,16127.67,1.2,0
app_a08eb0d0,3763.34,1315.57,26,620.48,727,3000.0,0.326,1
app_3287d666,1500.0,13653.94,29,753.81,503,9557.76,1.2,0
app_7d3d8a97,3371.63,7628.34,45,723.65,689,9154.0,0.818,1
app_2151161c,2107.96,18839.55,26,441.27,534,13187.68,1.2,0
app_7440a5d1,3365.19,5019.16,37,691.89,588,6022.99,0.689,1
app_57a273de,2525.13,16680.39,40,894.82,498,11676.27,1.2,0
app_d01c42cb,2737.61,12176.54,48,0.0,724,14611.85,1.112,1
app_481ca935,3689.62,17081.84,42,618.77,591,11957.29,1.2,0
app_e41de740,2379.09,1000.0,47,6.0,668,3000.0,0.11,1
app_59a97e9f,1500.0,9540.18,33,608.17,626,6678.13,1.2,0
app_69699f65,4452.54,13925.1,38,1031.11,625,16710.12,1.2,1
app_9bd756ce,2445.07,24796.14,51,331.29,578,17357.3,1.2,0
app_3287ab82,5358.12,15048.47,38,312.93,673,18058.17,0.945,1
app_ed5712d9,2788.22,16485.76,35,931.44,552,11540.03,1.2,0
app_0c950387,4532.13,29485.47,14,529.61,646,35382.56,1.2,1
app_c644e4ea,3077.4,18279.34,45,1370.2,613,12795.54,1.2,0
app_8f7e14ae,5132.05,1000.0,55,550.02,775,3000.0,0.15,1
app_a7210778,1500.0,13015.38,37,893.18,619,9110.77,1.2,0
app_2f2b5b90,5084.52,1408.68,47,403.31,685,3000.0,0.15,1
app_1fe5c73b,1500.0,21018.29,7,1159.36,495,14712.8,1.2,0
app_1634fc3d,4053.46,11284.99,50,328.54,651,13541.98,0.749,1
app_7e18b9aa,1993.4,25637.3,42,745.75,583,17946.11,1.2,0
app_135b21c5,2432.82,14330.85,14,700.72,709,17197.01,1.2,1
app_9cd4f95e,4886.95,11399.19,34,1619.32,683,7979.43,1.155,0
app_700fe1aa,3303.79,13343.8,36,512.78,651,16012.57,1.2,1
app_2be4a289,2410.68,8411.69,37,1080.01,584,5888.18,1.2,0
app_111a5c35,2384.95,17931.19,40,109.59,680,21517.43,1.2,1
app_b203ce51,1500.0,11847.54,29,1391.37,555,8293.28,1.2,0
app_bc492cbb,4640.21,8770.1,38,343.44,761,10524.12,0.671,1
app_62a87f87,1965.19,8564.83,19,687.25,512,5995.38,1.2,0
app_97ec3bc5,4410.21,9205.39,64,0.0,714,11046.47,0.391,1
app_62208c1e,1500.0,15039.59,37,0.0,616,10527.71,1.2,0
app_f1fed979,5902.91,9279.37,39,809.97,688,11135.24,0.621,1
app_6f884fa9,1919.04,4345.58,43,854.73,529,3041.91,1.077,0
app_b81ec9d4,4126.6,8497.92,29,642.52,606,10197.5,1.008,1
app_eec1599d,3547.32,9613.88,28,1669.18,678,6729.72,1.2,0
app_e2e537da,4097.6,6356.82,29,429.31,702,7628.18,0.747,1
app_1b90d927,2409.13,17815.0,33,323.21,563,12470.5,1.2,0
app_8e0e3087,4914.62,3789.99,33,72.1,707,4547.99,0.295,1
app_bf42ae19,2111.37,26864.36,42,375.28,646,18805.05,1.2,0
app_189e0bb8,3225.35,8538.02,39,203.3,762,10245.63,0.878,1
app_56503731,1725.49,14286.32,28,673.74,676,10000.42,1.2,0
app_bcc18c4f,4628.8,22259.66,63,0.0,704,26711.6,0.916,1
app_8212c119,1500.0,13334.36,28,477.14,526,9334.06,1.2,0
app_699416c4,3855.72,4699.69,46,32.9,850,5639.63,0.327,1
app_c7863a05,2048.62,18432.11,20,1582.44,678,12902.47,1.2,0
app_0cbc4fda,4296.92,3919.18,38,0.0,802,4703.02,0.288,1
app_cc1fd16a,3309.19,18572.63,6,506.63,648,13000.84,1.2,0
app_31cb285c,5212.88,18655.02,16,520.62,771,22386.02,1.2,1
app_57b8939b,1500.0,17952.57,39,779.69,470,12566.8,1.2,0
app_58808ae0,3674.3,10036.17,34,174.61,668,12043.4,1.012,1
app_6b07318f,2460.29,20654.73,32,736.14,606,14458.31,1.2,0
app_8e5947fa,2079.08,14862.21,35,415.88,767,17834.65,1.2,1
app_b9fd5e05,1500.0,6157.0,39,897.15,611,4309.9,1.2,0
app_a4081167,3537.87,15986.12,47,593.59,681,19183.35,1.2,1
app_8652c47b,1500.0,22615.42,50,1157.82,538,15830.79,1.2,0
app_d1d47397,4673.79,17163.18,54,49.56,684,20595.81,0.827,1
app_5d32edd8,3247.27,18344.46,22,1065.85,640,12841.12,1.2,0
app_2acb84e5,4087.96,13317.51,32,991.31,636,15981.01,1.2,1
app_97dbb80d,1912.68,18065.91,46,301.05,508,12646.14,1.2,0
app_8cf8caa8,1962.27,12196.17,22,246.18,746,14635.41,1.2,1
app_179bf38d,1858.46,19387.69,32,1168.85,633,13571.38,1.2,0
app_5ca2a31b,3308.07,10988.09,48,557.35,602,13185.71,0.999,1
app_f14a1a9d,3155.62,11492.34,52,1309.64,620,8044.64,1.2,0
app_5892b4ba,4157.23,10745.81,44,251.69,716,12894.97,0.766,1
app_efd688cf,3371.93,14629.16,28,422.25,525,10240.41,1.2,0
app_82f1aeed,2171.6,16378.97,57,970.13,586,19654.77,1.2,1
app_e93f4e76,3224.85,26532.64,30,940.58,459,18572.85,1.2,0
app_a4dbe7ad,4266.74,5618.64,38,0.0,738,6742.37,0.416,1
app_44a1f074,3524.51,13300.92,22,37.59,581,9310.64,1.2,0
app_14318585,3418.41,2693.88,41,220.01,624,3232.66,0.295,1
app_4c833ea0,1945.43,24427.83,43,847.99,643,17099.48,1.2,0
app_8ee63470,2839.09,12194.22,37,212.07,730,14633.06,1.2,1
app_0e95f407,1719.57,21058.92,42,0.0,683,14741.25,1.2,0
app_c0abe9eb,1500.0,8303.71,48,273.09,597,9964.45,1.2,1
app_1ed5f505,1500.0,24161.43,12,1351.6,596,16913.0,1.2,0
app_5f702c1d,2807.6,8501.31,23,746.49,751,10201.57,1.2,1
app_14bb1d60,1500.0,15578.45,25,1417.4,505,10904.91,1.2,0
app_b7dc6722,5604.23,11800.23,22,129.09,643,14160.28,1.172,1
app_1c714394,1500.0,18568.96,21,27.85,573,12998.27,1.2,0
app_22885db8,2197.14,7487.03,25,51.51,840,8984.44,1.2,1
app_0ed913e5,2556.41,19472.23,14,638.41,615,13630.56,1.2,0
app_89c72a5e,2975.47,17448.38,21,285.45,658,20938.05,1.2,1
app_8172a1b6,2664.32,14157.06,32,805.55,548,9909.94,1.2,0
app_b27f0fe3,4485.09,13430.33,34,227.82,755,16116.4,1.108,1
app_bb484955,2264.17,16159.82,37,1578.63,506,11311.87,1.2,0
app_a4886231,4769.86,1000.0,38,1030.03,734,3000.0,0.282,1
app_71dcbdcf,2670.63,14637.3,36,799.17,544,10246.11,1.2,0
app_45f182d0,3710.12,13190.29,26,77.49,604,15828.34,1.2,1
app_bee55ae0,2890.73,21271.94,38,1286.07,606,14890.36,1.2,0
app_5a4f75d7,4392.01,13823.02,34,187.67,850,16587.63,1.154,1
app_9e9f1bed,2048.05,14004.73,41,1000.74,501,9803.31,1.2,0
app_714cea44,5122.68,11434.83,22,875.51,743,13721.8,1.2,1
app_66934a38,1500.0,28663.1,43,895.92,711,20064.17,1.2,0
app_c04c2bcf,4159.3,11831.5,28,632.74,733,14197.8,1.2,1
app_dda50cee,2514.68,13260.08,37,872.08,506,9282.06,1.2,0
app_30e80fea,2528.19,15390.92,6,482.16,666,18469.1,1.2,1
app_143b5eb9,3808.25,15039.19,43,741.23,607,10527.43,1.2,0
app_8825b403,4736.84,9224.67,47,2.52,720,11069.6,0.498,1
app_5eea57c0,3422.64,21960.22,58,594.62,503,15372.16,1.2,0
app_525cced3,3005.66,15962.66,41,440.9,621,19155.19,1.2,1
app_85f91f48,3266.87,10651.77,49,2042.98,625,7456.24,1.2,0
app_6b469e12,4583.11,9042.84,14,158.91,623,10851.41,1.2,1
app_c55edf0b,1500.0,28334.16,39,1051.88,578,19833.91,1.2,0
app_1e664de5,3827.13,17787.3,35,612.28,686,21344.76,1.2,1
app_d5a152fe,2157.85,9558.52,12,795.38,603,6690.96,1.2,0
app_54757061,2713.87,11793.15,36,0.0,635,14151.78,1.2,1
app_68c5b3bc,2907.26,20322.35,22,963.38,671,14225.65,1.2,0
app_752615b4,4777.07,11428.29,30,148.26,732,13713.94,0.988,1
app_5c253dde,2695.1,21776.42,37,1227.51,606,15243.5,1.2,0
app_a803ddb1,4784.69,17224.94,26,0.0,808,20669.92,1.2,1
app_32ccf46d,2756.66,7713.08,27,1208.75,580,5399.16,1.2,0
app_956f4ad8,3487.94,20405.29,23,80.74,714,24486.35,1.2,1
app_253f0338,2890.45,20978.06,46,979.43,634,14684.64,1.2,0
app_34dafd3d,3740.79,12376.19,37,486.04,754,14851.43,1.2,1
app_269f2eae,3055.15,18265.3,26,927.07,598,12785.71,1.2,0
app_442430d4,4193.18,25239.15,29,568.92,774,30286.98,1.2,1
app_e3bb25df,2598.0,32027.07,31,1029.64,544,22418.95,1.2,0
app_3b468026,3648.48,13493.6,46,527.64,788,16192.32,1.109,1
app_1d9546ea,2405.03,16006.99,68,1057.7,549,11204.89,1.2,0
app_d82da722,3305.74,6343.92,47,254.25,708,7612.7,0.567,1
app_fa83c517,2436.49,22388.95,25,469.77,615,15672.27,1.2,0
app_4f2dc252,4600.96,13995.19,26,670.99,647,16794.23,1.2,1
app_eb2b1715,1978.46,12336.28,51,1153.37,642,8635.4,1.2,0
app_eaa2207c,5247.21,28875.9,15,104.65,656,34651.07,1.2,1
app_f14ee1a6,1649.18,11534.5,32,413.36,623,8074.15,1.2,0
app_641da1b8,4051.7,14886.17,42,641.2,673,17863.41,1.2,1
app_fffe0bc3,4621.14,19406.59,13,499.05,478,13584.61,1.2,0
app_1ea65144,4017.33,11269.17,30,1204.37,738,13523.0,1.2,1
app_bc1b63e5,3226.1,12413.56,24,914.72,612,8689.49,1.2,0
app_7e7e89fb,2143.69,10918.16,36,313.94,643,13101.79,1.2,1
app_f46eb60f,1960.46,16938.84,37,1141.92,675,11857.19,1.2,0
app_5715dafd,3705.65,9263.06,41,644.34,669,11115.68,0.906,1
app_c0e72f44,3290.39,23877.51,51,1611.33,539,16714.26,1.2,0
app_4519fcf1,4013.9,12067.67,34,140.29,596,14481.2,1.096,1
app_f3b0bd16,2592.68,13389.87,37,582.38,523,9372.91,1.2,0
app_9c9a681a,4234.3,12905.53,42,1274.35,719,15486.63,1.172,1
app_5e82bab0,2985.08,11534.63,20,1533.13,535,8074.24,1.2,0
app_c5b10b78,2956.06,11765.41,34,39.0,678,14118.49,1.2,1
app_eb25f36b,3729.38,13164.04,19,1277.04,634,9214.83,1.2,0
app_754d92cb,3379.48,2507.0,27,378.12,781,3008.4,0.442,1
app_8f643f54,1500.0,17492.88,44,0.0,672,12245.02,1.2,0
app_171be91d,2817.55,13991.97,38,833.83,738,16790.37,1.2,1
app_b88fa09c,1500.0,13291.32,37,822.01,633,9303.93,1.2,0
app_e4553ffa,4789.37,15650.71,33,0.0,668,18780.85,1.188,1
app_bbc0e872,2916.37,11457.32,43,1263.36,608,8020.12,1.2,0
app_100a1ffc,1500.0,4331.47,58,181.38,561,5197.76,0.718,1
app_bf8967b5,3735.25,18080.13,49,1010.78,632,12656.09,1.2,0
app_410a3cad,4363.01,16184.93,63,788.4,589,19421.92,0.887,1
app_e8ce0abc,2946.66,24848.88,50,729.36,681,17394.22,1.2,0
app_d7163c71,4927.74,27435.1,26,197.04,678,32922.13,1.2,1
app_03bca513,2009.78,12659.88,6,726.12,625,8861.91,1.2,0
app_08ed66ba,3506.78,23612.29,36,916.41,718,28334.74,1.2,1
app_9324754b,3326.41,19675.45,52,922.38,634,13772.81,1.2,0
app_139b2768,4366.33,10270.29,40,1293.75,681,12324.34,1.002,1
app_b803e987,2919.46,25546.67,49,904.69,433,17882.67,1.2,0
app_da9ac5db,4516.7,1000.0,53,467.79,769,3000.0,0.154,1
app_98f6f8c5,1597.89,8684.96,39,886.56,565,6079.47,1.2,0
app_fa5f2876,4084.66,28604.62,46,819.8,759,34325.54,1.2,1
app_9c0a45df,3979.46,16859.57,11,824.57,656,11801.7,1.2,0
app_1bbb19b2,3030.2,10941.8,27,1000.81,752,13130.17,1.2,1
app_16a78f08,3151.54,21729.61,35,979.02,517,15210.73,1.2,0
app_b5e44fee,1813.56,12900.49,39,883.71,809,15480.58,1.2,1
app_ba9f6d2d,4070.0,12011.86,31,1092.13,777,8408.3,1.2,0
app_485d6d7d,5480.1,18716.38,31,46.72,755,22459.66,1.2,1
app_4e39829f,1500.0,16569.38,34,1537.16,575,11598.57,1.2,0
app_5e5808cf,1560.75,15026.67,27,417.05,693,18032.0,1.2,1
app_0f1b5409,2226.3,22742.04,17,693.19,647,15919.43,1.2,0
app_c2f31e07,3385.92,2347.16,44,849.24,696,3000.0,0.44,1
app_a5243729,1500.0,22235.82,16,1023.52,537,15565.07,1.2,0
app_8be2ec06,2840.16,9348.54,33,142.32,741,11218.25,1.2,1
app_32b87a70,2053.93,23881.15,39,620.98,539,16716.8,1.2,0
app_058b6e70,2352.5,13744.4,31,0.0,662,16493.28,1.2,1
app_46adf12b,1598.97,27454.07,15,323.46,677,19217.85,1.2,0
app_286d3fe1,5356.76,7530.1,28,646.49,537,9036.12,0.723,1
app_06e4b8e6,1500.0,16315.6,54,725.71,607,11420.92,1.2,0
app_a9073a83,5133.79,24641.31,29,393.27,827,29569.57,1.2,1
app_bd9be4db,1500.0,24165.49,23,940.99,583,16915.84,1.2,0
app_bffc1db5,3041.99,6101.39,39,798.22,690,7321.67,0.88,1
app_d7d2ce5b,2570.11,21427.04,24,1195.88,657,14998.93,1.2,0
app_e54d6262,6603.63,9743.37,30,707.59,757,11692.05,0.697,1
app_20604e52,1964.91,15581.02,42,568.97,571,10906.72,1.2,0
app_80161227,4089.59,17975.63,28,0.0,565,21570.76,1.2,1
app_115e44f0,1500.0,10120.99,34,424.45,550,7084.7,1.2,0
app_e6aa7fb5,3225.91,9356.95,51,664.78,701,11228.34,0.889,1
app_fb334446,2038.97,15400.6,39,1133.67,536,10780.42,1.2,0
app_3d42d708,4036.48,1000.0,38,704.86,680,3000.0,0.253,1
app_885510ae,4316.53,12712.57,38,885.67,592,8898.8,1.135,0
app_921701d0,3885.68,12642.63,46,951.09,699,15171.16,1.094,1
app_43a97e41,3315.32,13789.4,45,595.2,676,9652.58,1.2,0
app_58ce0201,6210.64,11267.5,9,180.77,786,13521.0,1.2,1
app_c9a594e7,3053.08,19493.48,48,1093.78,685,13645.44,1.2,0
app_3a0ec1c0,4919.42,21130.2,40,762.1,678,25356.24,1.2,1
app_b9994dc9,1898.54,28240.61,38,1221.95,608,19768.42,1.2,0
app_36e52d21,3413.48,12065.9,53,622.1,580,14479.08,0.983,1
app_5b7fc0ee,2284.76,28693.76,33,179.81,732,20085.63,1.2,0
app_e2f40150,4682.39,11579.92,31,832.94,662,13895.91,1.135,1
app_70b01a8c,3648.26,21253.17,38,958.21,587,14877.22,1.2,0
app_24222c20,5045.64,6807.94,16,645.78,744,8169.53,1.14,1
app_bd2b811f,2980.24,20446.37,32,1214.99,596,14312.46,1.2,0
app_b2f3045a,3512.89,10128.65,60,0.0,734,12154.38,0.577,1
app_3bb25cbb,1500.0,17350.6,30,65.99,627,12145.42,1.2,0
app_7bfe7b47,3619.96,1000.0,46,974.0,804,3000.0,0.341,1
app_bc264b29,2858.96,18276.35,51,1572.95,679,12793.44,1.2,0
app_34b44dd3,3058.46,13208.07,41,0.0,732,15849.68,1.2,1
app_e01eddde,4772.99,21839.62,53,973.17,594,15287.73,1.2,0
app_bb31ec9a,4381.27,7105.04,24,906.52,796,8526.05,1.018,1
app_8dae8ea6,1508.89,23807.99,34,1035.92,632,16665.59,1.2,0
app_f1c18268,4994.35,12496.31,52,523.77,743,14995.57,0.682,1
app_44ae1103,1666.74,30951.95,41,1185.2,487,21666.37,1.2,0
app_85d14d5e,3177.3,19427.3,39,0.0,772,23312.76,1.2,1
app_e1f2ffa6,1956.22,26467.9,34,981.88,682,18527.53,1.2,0
app_d1df724f,3102.51,6042.92,33,730.87,606,7251.5,0.944,1
app_c8a74a50,1500.0,22942.33,28,743.11,470,16059.63,1.2,0
app_d27155e1,3321.02,11954.6,47,91.51,816,14345.52,0.947,1
app_41d69c85,1815.44,13901.45,54,984.58,561,9731.01,1.2,0
app_57637b4c,3844.87,20118.44,53,73.28,697,24142.13,1.2,1
app_8170babe,2590.16,12082.56,35,902.13,679,8457.79,1.2,0
app_d0bae8da,5207.43,10024.74,33,665.72,659,12029.69,0.828,1
app_b4e179a6,3088.64,17472.56,24,517.27,701,12230.79,1.2,0
app_afcc9147,3843.58,21842.12,29,516.48,850,26210.55,1.2,1
app_1cbfe27c,1500.0,6613.11,51,569.28,598,4629.18,1.2,0
app_a5bff55d,3414.08,13608.98,24,328.02,731,16330.77,1.2,1
app_c6791534,1500.0,13799.5,31,328.47,570,9659.65,1.2,0
app_ae687053,4118.8,9602.71,32,392.04,654,11523.25,0.969,1
app_0ae87427,3191.06,26615.87,30,1094.08,583,18631.11,1.2,0
app_bbf8910a,4365.49,21394.68,42,0.0,731,25673.61,1.2,1
app_0e1520d4,3732.86,16670.42,47,623.95,496,11669.3,1.2,0
app_b4929331,4141.17,1461.14,33,914.74,566,3000.0,0.349,1
app_c7e6c27e,1500.0,11807.81,35,753.71,697,8265.46,1.2,0
app_dc38db42,4954.35,14971.64,37,557.29,639,17965.97,1.093,1
app_feba6c66,3357.21,11327.73,46,1374.46,614,7929.41,1.2,0
app_5e742027,3823.79,14401.86,6,520.9,692,17282.23,1.2,1
app_f8469f53,2449.37,22239.2,35,443.92,590,15567.44,1.2,0
app_d8f23d70,4067.56,12689.6,37,815.75,623,15227.52,1.2,1
app_60f0bbcb,2675.7,25739.58,15,971.86,559,18017.7,1.2,0
app_d780ddea,3629.29,6571.15,33,1136.5,611,7885.39,0.972,1
app_9ecb5441,1500.0,10188.39,56,715.06,598,7131.87,1.2,0
app_f2bb475a,3597.22,6333.46,33,1383.3,797,7600.16,1.025,1
app_192f1767,1647.06,21885.44,26,189.45,671,15319.81,1.2,0
app_25e8f2c8,5160.09,18276.31,30,333.29,752,21931.58,1.2,1
app_9b2ffaea,2891.5,15638.18,16,945.55,675,10946.72,1.2,0
app_d0569243,2802.41,15832.56,39,700.06,761,18999.07,1.2,1
app_38577087,1805.53,8298.24,29,1255.65,562,5808.77,1.2,0
app_48a235e0,3305.96,1071.9,57,730.29,753,3000.0,0.289,1
app_111e11a5,3467.73,21460.25,33,834.49,570,15022.18,1.2,0
app_8a01d948,6634.74,15335.47,30,586.2,629,18402.57,1.013,1
app_e8763b68,4004.51,14033.59,42,1326.39,626,9823.51,1.2,0
app_64980368,4094.47,12064.81,35,169.32,668,14477.78,1.052,1
app_e4287bde,3979.59,17348.78,26,693.48,677,12144.15,1.2,0
app_ecead48a,4675.61,15361.98,32,629.34,654,18434.37,1.2,1
app_a8f05778,2240.39,23818.83,46,507.24,540,16673.18,1.2,0
app_2b54ca47,4108.7,22356.79,13,511.33,603,26828.15,1.2,1
app_c77f98f4,1865.67,15813.43,30,686.48,600,11069.4,1.2,0
app_cbd4861b,3464.74,3225.26,45,701.15,759,3870.31,0.451,1
app_e544ade5,1500.0,19793.51,44,487.52,600,13855.46,1.2,0
app_d49792c5,3883.73,23052.9,59,0.0,850,27663.48,1.2,1
app_24fe11fe,1584.77,23884.04,47,501.72,634,16718.83,1.2,0
app_513ec5bf,3892.47,15325.98,38,878.54,705,18391.18,1.2,1
app_a5c1aa78,2332.13,24576.39,42,1192.73,553,17203.47,1.2,0
app_33cddc39,2954.74,8593.67,28,714.48,768,10312.4,1.2,1
app_2e8d1046,2344.87,26585.51,52,997.36,542,18609.86,1.2,0
app_9b10702f,5575.38,11633.9,37,264.16,637,13960.68,0.724,1
app_e63e9840,1500.0,21797.21,26,2123.81,523,15258.05,1.2,0
app_8b1eb0e0,2742.62,15060.83,54,425.84,740,18073.0,1.2,1
app_a77ec6b7,1500.0,13934.93,23,141.98,608,9754.45,1.2,0
app_3e6b1dd2,1757.17,4066.82,29,67.49,727,4880.19,0.996,1
app_e4944b10,2805.58,23362.79,45,1356.33,599,16353.95,1.2,0
app_9d1cdb15,4303.47,15069.08,37,241.12,676,18082.9,1.192,1
app_b418d8e4,1682.44,20529.7,34,634.73,553,14370.79,1.2,0
app_f8ac8961,2789.6,17873.05,36,54.88,756,21447.66,1.2,1
app_b753402b,1939.55,9561.0,48,685.16,571,6692.7,1.2,0
app_7f4ad257,4041.18,18855.54,36,0.0,738,22626.64,1.2,1
app_756da59a,2015.01,29327.54,35,5.99,625,20529.28,1.2,0
app_7709ad58,5944.6,21455.52,57,0.0,763,25746.63,0.76,1
app_b0506a84,1778.01,19345.74,20,642.22,552,13542.02,1.2,0
app_0a93acf8,4898.56,16804.31,39,0.0,678,20165.18,1.056,1
app_19c27978,1753.88,23218.05,50,1322.55,547,16252.64,1.2,0
app_a32da7a6,1500.0,1398.23,53,239.5,647,3000.0,0.371,1
app_2127ea65,4142.66,25590.96,36,782.64,590,17913.67,1.2,0
app_6e24da18,4227.16,21600.28,41,690.41,781,25920.34,1.2,1
app_ce1ed967,1500.0,22529.17,32,0.0,451,15770.42,1.2,0
app_b7ef3bd6,2981.88,15187.34,37,473.75,836,18224.81,1.2,1
app_4888d19b,1500.0,17835.4,39,605.49,601,12484.78,1.2,0
app_ebd59fff,2400.05,20459.44,27,1212.56,697,24551.32,1.2,1
app_b83caa40,3528.05,17680.18,35,666.39,608,12376.13,1.2,0
app_473458ed,4318.0,7294.45,34,155.96,850,8753.34,0.632,1
app_58a524b5,2410.27,27271.39,33,1003.72,507,19089.98,1.2,0
app_39cd9185,3552.93,13263.21,55,488.79,796,15915.85,0.952,1
app_6ff9d6bd,3140.73,27764.41,35,1856.09,566,19435.09,1.2,0
app_f408e682,3233.54,4739.68,63,727.78,676,5687.62,0.504,1
app_0d7a92ef,3749.02,22126.15,59,280.87,581,15488.31,1.2,0
app_f6b5083f,3537.48,1000.0,48,291.84,751,3000.0,0.153,1
app_5271da4c,4859.77,15880.54,30,947.47,669,11116.38,1.2,0
app_a3383736,3433.29,8214.23,48,551.46,556,9857.08,0.759,1
app_a497f353,1500.0,27007.42,40,595.12,588,18905.19,1.2,0
app_25305067,4013.24,16414.4,19,63.62,719,19697.28,1.2,1
app_35fe162b,2400.17,21431.16,21,1042.85,676,15001.81,1.2,0
app_80e84d1f,4486.82,12834.67,34,66.06,694,15401.6,1.024,1
app_416e598f,3759.71,17285.83,25,703.1,614,12100.08,1.2,0
app_0ba3c913,3626.49,14911.82,42,755.59,799,17894.18,1.2,1
app_acb9e691,3495.86,12394.57,25,869.69,568,8676.2,1.2,0
app_4754c754,2861.67,9349.85,30,131.26,677,11219.82,1.2,1
app_9386042e,3678.45,19195.43,65,968.2,579,13436.8,1.2,0
app_b8fd6a68,4004.13,13538.95,41,1230.68,640,16246.74,1.2,1
app_4ce495a9,3359.05,19246.5,17,1208.28,688,13472.55,1.2,0
app_243227ca,3142.82,11946.4,15,0.0,773,14335.68,1.2,1
app_f92b814a,2033.58,11347.18,38,691.04,567,7943.03,1.2,0
app_32e5568a,4739.33,5029.6,25,461.63,767,6035.52,0.607,1
app_78d9a70f,3738.16,14009.63,47,586.34,727,9806.74,1.114,0
app_720755eb,2866.23,19970.87,28,1205.3,741,23965.05,1.2,1
app_0f90354f,1500.0,14866.57,45,1321.06,595,10406.6,1.2,0
app_d5c33f68,4044.66,16550.12,37,0.0,643,19860.14,1.2,1
app_efafff3c,2735.12,25292.89,55,1211.81,620,17705.03,1.2,0
app_c05f39ea,4748.81,7999.49,34,70.35,612,9599.39,0.609,1
app_2555944b,2833.55,19113.08,44,1118.44,616,13379.16,1.2,0
app_2353c1ee,4556.62,11743.9,40,109.54,725,14092.68,0.797,1
app_325a5740,3168.42,13981.91,36,650.56,563,9787.34,1.2,0
app_071f6a8d,2875.07,19594.65,48,614.97,838,23513.58,1.2,1
app_5ce55aac,2310.75,36190.57,33,1002.08,572,25333.4,1.2,0
app_226720e4,4372.33,17013.69,34,1110.69,716,20416.43,1.2,1
app_929de243,2770.49,12546.01,41,846.39,557,8782.21,1.2,0
app_04dc3188,3223.53,28030.58,32,0.0,651,33636.7,1.2,1
app_d3881f5b,2448.43,21280.0,42,1170.65,554,14896.0,1.2,0
app_ee6f4f9a,4340.44,6743.64,28,32.92,616,8092.37,0.673,1
app_200b382f,3564.21,22131.67,47,915.73,654,15492.17,1.2,0
app_a5428fde,2238.71,17178.53,38,650.84,726,20614.23,1.2,1
app_cd13c40c,1512.94,9011.76,27,1125.97,648,6308.23,1.2,0
app_f849c476,2632.06,6113.4,27,257.08,604,7336.08,1.13,1
app_7d75499a,1500.0,13068.99,37,427.76,591,9148.29,1.2,0
app_12f2f7e3,5058.55,4189.32,33,809.9,670,5027.19,0.461,1
app_d77a9e1f,1926.33,24980.97,32,1341.8,630,17486.68,1.2,0
app_0fd738eb,3657.16,14878.14,39,808.35,661,17853.77,1.2,1
app_b60d25c8,2541.21,17630.91,44,489.93,671,12341.63,1.2,0
app_2dded709,4466.33,4098.45,50,1293.64,770,4918.14,0.51,1
app_be91fb9b,3926.98,18512.23,16,162.35,617,12958.56,1.2,0
app_faf159e3,3408.02,6512.54,35,646.23,598,7815.05,0.845,1
app_d14790a0,2051.12,27059.22,23,1247.9,566,18941.46,1.2,0
app_22ef05c8,4545.79,18583.97,44,763.66,619,22300.76,1.2,1
app_f57e689e,3613.66,12883.84,39,1003.3,633,9018.69,1.2,0
app_da76ec50,4336.96,6937.14,19,748.94,713,8324.57,1.183,1
app_24c4b1fd,3649.38,17731.6,19,1286.45,574,12412.12,1.2,0
app_9016e416,4342.0,8115.24,55,49.37,676,9738.29,0.419,1
app_f459b617,2607.45,11446.91,39,1544.76,565,8012.83,1.2,0
app_1fc5f99c,4395.14,1000.0,35,274.78,642,3000.0,0.141,1
app_e65f89df,3581.45,16042.54,33,749.12,465,11229.78,1.2,0
app_e01b53cc,2868.01,17766.56,10,93.47,672,21319.87,1.2,1
app_3140abad,4243.62,22611.62,29,1421.81,548,15828.14,1.2,0
app_963ac3c5,5009.1,3846.74,48,237.55,628,4616.08,0.239,1
app_2bc7cb3a,2282.86,19664.07,30,1121.58,559,13764.85,1.2,0
app_6c73d0ed,4620.37,14653.33,35,223.45,710,17584.0,1.136,1
app_a2cf0808,3050.25,30370.79,47,1290.4,816,21259.56,1.2,0
app_16f94174,4515.96,14907.86,44,0.0,668,17889.43,0.9,1
app_75b30ebf,1993.83,21885.68,33,955.29,676,15319.98,1.2,0
app_20a29283,4863.15,11029.67,27,854.11,754,13235.61,1.184,1
app_eb6ad843,1500.0,16121.08,37,1211.53,663,11284.75,1.2,0
app_5c030aa7,4283.91,15511.49,36,130.46,681,18613.78,1.2,1
app_ad3eb84f,2518.99,17791.92,13,741.01,603,12454.35,1.2,0
app_7bfa5fdf,3718.63,10519.06,41,0.0,586,12622.87,0.828,1
app_8cb88751,2151.83,22584.69,56,1212.85,497,15809.28,1.2,0
app_9723d774,3767.63,13539.81,38,615.72,635,16247.77,1.2,1
app_35d071e7,2564.94,20521.94,45,577.71,575,14365.36,1.2,0
app_92c2a215,1500.0,8271.23,29,0.0,711,9925.47,1.2,1
app_31e86582,2444.05,4444.72,38,528.67,633,3111.3,0.791,0
app_527c0c7d,2718.15,12180.04,32,521.24,708,14616.05,1.2,1
app_47385187,2244.84,8782.37,18,666.45,599,6147.66,1.2,0
app_f697672f,3391.75,15751.27,32,13.99,680,18901.53,1.2,1
app_49c6d71f,2725.86,19949.31,58,632.44,594,13964.52,1.2,0
app_0bc58586,4426.12,11859.46,29,0.0,664,14231.35,1.109,1
app_8f09a25d,1500.0,7640.36,26,481.16,640,5348.25,1.2,0
app_e28f3a2e,4601.09,6576.72,32,0.0,665,7892.07,0.536,1
app_100db843,2898.98,22949.63,27,1320.74,493,16064.74,1.2,0
app_5a0f0a99,2752.37,16257.97,56,597.37,697,19509.57,1.2,1
app_5e217741,1500.0,5865.32,37,756.77,522,4105.72,1.2,0
app_9694322e,4065.53,12690.79,47,454.64,785,15228.95,0.909,1
app_eb285b44,2507.99,17307.99,48,508.62,797,12115.59,1.2,0
app_3229f925,4375.26,14284.98,42,1150.85,755,17141.97,1.196,1
app_98a641cc,1500.0,26420.82,31,942.86,510,18494.58,1.2,0
app_1f38a5a9,4526.2,8091.75,37,286.36,834,9710.11,0.643,1
app_ad8fce3f,4482.26,18279.08,36,750.62,677,12795.36,1.2,0
app_e22060c0,3671.08,9471.98,47,184.68,697,11366.37,0.709,1
app_1b7e13bd,1500.0,22225.14,59,1188.49,702,15557.6,1.2,0
app_dac23cb5,3153.9,13417.95,24,308.89,754,16101.53,1.2,1
app_53b9def9,2601.82,9524.15,20,347.53,634,6666.91,1.2,0
app_fde979e7,6063.89,20174.75,13,968.43,765,24209.7,1.2,1
app_69420f56,1500.0,16180.79,49,1120.17,508,11326.55,1.2,0
app_084dde57,4610.74,1000.0,33,855.18,701,3000.0,0.264,1
app_94ff6582,2001.06,23336.08,47,1424.02,661,16335.25,1.2,0
app_96386263,5081.37,16397.45,39,435.8,683,19676.94,1.079,1
app_ac06d36a,1500.0,12268.13,32,996.58,700,8587.69,1.2,0
app_533e474a,3958.2,18020.86,48,307.42,741,21625.03,1.2,1
app_930bc065,2256.47,25932.82,43,423.81,611,18152.97,1.2,0
app_037d6473,5648.11,10912.61,41,618.35,627,13095.14,0.675,1
app_bfc894de,3010.71,9636.99,28,1330.29,624,6745.89,1.2,0
app_38bb22ae,3695.52,14678.77,35,405.03,745,17614.52,1.2,1
app_ff83c015,1772.63,18242.02,32,265.76,535,12769.41,1.2,0
app_f4769303,5568.21,14308.34,20,0.0,692,17170.01,1.2,1
app_abc3198d,4061.19,16879.45,51,1040.77,632,11815.62,1.2,0
app_954cdfed,2664.28,17625.14,31,745.24,643,21150.17,1.2,1
app_3c7aba78,2677.05,20112.02,34,1061.82,581,14078.41,1.2,0
app_9749e153,3350.94,21632.9,48,95.65,739,25959.48,1.2,1
app_b81d583e,1757.32,10891.89,48,218.36,664,7624.32,1.2,0
app_71c778cd,3747.28,10730.72,40,632.48,642,12876.86,1.028,1
app_a1f46352,3217.73,18680.22,20,832.05,696,13076.16,1.2,0
app_b632de87,5676.59,16304.09,21,596.24,759,19564.91,1.2,1
app_6dd76695,3225.71,22709.73,40,871.04,557,15896.81,1.2,0
app_bc8e3acc,2102.06,14037.85,38,623.03,606,16845.42,1.2,1
app_c6fdee10,3145.02,30327.27,36,875.33,621,21229.09,1.2,0
app_3e8ffb51,6032.34,5858.11,38,80.14,661,7029.74,0.32,1
app_91903312,2450.41,26083.94,57,1079.26,573,18258.76,1.2,0
app_f8bba25a,6492.74,9434.67,29,0.0,797,11321.61,0.601,1
app_cb6856b7,3468.25,32506.83,19,1483.27,604,22754.78,1.2,0
app_c194ab35,4806.1,2113.34,53,714.61,697,3000.0,0.248,1
app_d69577b3,3145.11,13407.03,29,714.62,470,9384.92,1.2,0
app_22f3efb4,4861.76,19149.56,27,539.28,681,22979.47,1.2,1
app_c2ba7655,2828.27,14234.54,25,1320.83,595,9964.18,1.2,0
app_579b2eba,6022.11,12277.86,24,890.78,744,14733.43,1.167,1
app_dcab1c10,3226.87,25143.6,28,849.1,587,17600.52,1.2,0
app_706ebaed,2709.25,10418.46,52,494.94,605,12502.15,1.07,1
app_eeb55d0a,1500.0,27988.66,34,641.04,580,19592.06,1.2,0
app_77ddfe4b,2522.69,20538.57,31,946.96,703,24646.29,1.2,1
app_4abd4cc6,3929.53,19540.17,46,1187.64,643,13678.12,1.2,0
app_8db0f6d0,4347.93,10602.9,58,37.23,700,12723.47,0.513,1
app_2c158318,2514.89,20414.64,30,1025.9,588,14290.25,1.2,0
app_bb0b456a,2418.05,12057.31,22,0.0,709,14468.78,1.2,1
app_698126f3,2987.88,21160.19,42,126.96,504,14812.13,1.2,0
app_82b73b43,5973.52,5716.75,43,125.22,705,6860.1,0.288,1
app_357352a0,1866.75,21369.25,37,720.68,526,14958.47,1.2,0
app_62bba608,4267.77,4723.69,41,1450.59,794,5668.42,0.664,1
app_03a922a3,3218.35,17486.36,12,371.09,689,12240.45,1.2,0
app_80ba7a4f,3210.24,7804.49,34,0.0,614,9365.38,0.858,1
app_1e8226fa,2449.53,12650.82,27,587.52,636,8855.58,1.2,0
app_30f608df,3767.87,10928.57,43,343.18,680,13114.28,0.901,1
app_15ac72ea,2970.45,22009.19,34,932.24,545,15406.43,1.2,0
app_d029605f,3139.32,16614.89,41,582.12,719,19937.86,1.2,1
app_4ee18c37,2546.2,22178.47,47,1264.49,592,15524.93,1.2,0
app_92b2d76b,5386.99,13370.76,43,512.84,717,16044.92,0.788,1
app_e6d8bb78,1764.25,22208.11,70,750.08,604,15545.67,1.2,0
app_70670464,3553.79,9071.88,54,130.81,666,10886.26,0.604,1
app_7579d15c,1500.0,13454.33,15,1152.72,795,9418.03,1.2,0
app_6b1c1750,3633.32,1999.45,46,109.23,790,3000.0,0.174,1
app_17b47343,2217.97,14209.11,33,1203.11,584,9946.37,1.2,0
app_e8f5de62,3503.28,10807.01,20,558.81,574,12968.41,1.2,1
app_f95f70ca,2055.88,22556.31,39,1136.13,595,15789.42,1.2,0
app_f975c499,5169.75,17548.2,41,771.02,752,21057.83,1.143,1
app_a91bc5b6,2060.54,9936.61,41,1118.44,676,6955.62,1.2,0
app_c6d25647,3063.68,6561.41,41,371.53,567,7873.7,0.748,1
app_a0aad8f3,2875.11,6885.46,24,1440.67,727,4819.82,1.2,0
app_45ab12ef,2784.34,10023.65,36,1112.49,665,12028.38,1.2,1
app_b7e768aa,2023.12,27292.35,31,1188.88,496,19104.65,1.2,0
app_51663b32,3828.77,2042.42,23,735.68,696,3000.0,0.47,1
app_e38dfd35,2180.89,13507.5,33,1020.45,668,9455.25,1.2,0
app_bb30e0ac,1500.0,7009.43,37,360.45,728,8411.32,1.2,1
app_5cb1afb8,2767.54,16170.79,29,801.8,680,11319.55,1.2,0
app_5f8231eb,3267.99,11623.16,38,1024.14,678,13947.79,1.2,1
app_274d74d1,3458.81,25391.88,35,815.71,576,17774.31,1.2,0
app_76cb4d52,3744.18,17125.44,38,494.12,621,20550.53,1.2,1
app_90ce4993,1532.51,30860.68,33,590.09,700,21602.48,1.2,0
app_a07d4736,4281.81,15468.93,34,272.53,688,18562.72,1.2,1
app_d306e817,1500.0,17472.44,39,1640.19,606,12230.7,1.2,0
app_a49df8a0,1665.82,11436.09,68,746.55,643,13723.3,1.2,1
app_dc86f4c5,3091.11,13547.92,19,760.65,606,9483.54,1.2,0
app_27705278,2127.84,5105.04,36,236.73,727,6126.05,0.911,1
app_81b330d1,1500.0,22284.68,21,1557.09,479,15599.28,1.2,0
app_2638e3e5,2907.45,14504.22,55,526.02,739,17405.07,1.2,1
app_e925e10d,2517.54,11841.61,30,415.24,510,8289.13,1.2,0
app_f64ca8d7,4401.75,5260.93,39,0.0,720,6313.12,0.368,1
app_20c135a5,2011.32,26439.69,39,1394.31,547,18507.79,1.2,0
app_7e684cc9,4056.14,6113.48,31,295.16,649,7336.17,0.656,1
app_c0bc14e9,1500.0,9518.9,7,477.46,643,6663.23,1.2,0
app_60a073bc,2401.5,3791.26,57,145.4,722,4549.52,0.393,1
app_3136ff53,3142.32,21975.16,17,807.58,486,15382.61,1.2,0
app_21e32431,6446.32,2430.75,23,0.0,595,3000.0,0.197,1
app_90ab4262,3852.59,32534.69,30,371.83,443,22774.28,1.2,0
app_49558f13,3755.89,10101.81,28,488.55,727,12122.17,1.2,1
app_e17b70bb,2823.08,16103.25,22,1166.33,600,11272.28,1.2,0
app_1e8f3a71,4888.36,16740.45,18,0.0,647,20088.54,1.2,1
app_b6b0f916,1500.0,22531.51,40,1339.67,627,15772.06,1.2,0
app_2cab1689,4208.65,19198.38,41,427.24,803,23038.05,1.2,1
app_fc523d96,2615.18,16173.96,25,1181.21,686,11321.77,1.2,0
app_cc9429eb,3949.41,19847.49,12,377.82,697,23816.99,1.2,1
app_b3f1ed1f,1773.01,32303.17,35,736.91,601,22612.22,1.2,0
app_d2736723,1997.19,7440.79,47,148.42,641,8928.95,1.026,1
app_77877b16,3809.53,26041.53,42,717.95,583,18229.07,1.2,0
app_4556694f,3195.85,6031.36,23,152.78,627,7237.63,1.032,1
app_e1748fd9,1500.0,19316.42,38,1580.32,553,13521.49,1.2,0
app_3bd946ec,4296.1,13876.28,32,697.73,754,16651.53,1.2,1
app_4c872a47,2827.41,16466.16,31,352.9,543,11526.31,1.2,0
app_58862f80,3377.99,5256.17,41,878.65,636,6307.4,0.716,1
app_adb1aac0,2783.44,11795.33,32,623.87,642,8256.73,1.2,0
app_48afc075,3321.21,18069.96,33,140.16,612,21683.95,1.2,1
app_f24fbf0d,2753.2,23371.31,39,1795.53,700,16359.92,1.2,0
app_4a2470c5,3692.47,10091.84,41,64.79,781,12110.2,0.817,1
app_85e3ecc2,2861.6,19538.75,44,1589.13,611,13677.13,1.2,0
app_d8cda9bd,3886.96,21052.32,47,271.61,700,25262.78,1.2,1
app_cf8ef4ee,2695.38,20170.88,19,283.01,537,14119.61,1.2,0
app_1541bbf7,3035.26,8137.06,43,332.43,713,9764.47,0.858,1
app_6976d96f,1500.0,15230.15,43,1137.98,549,10661.1,1.2,0
app_a42731a8,4161.66,25193.09,35,122.73,687,30231.7,1.2,1
app_3869364a,2592.18,17092.99,35,322.62,532,11965.09,1.2,0
app_2166c055,3850.66,11008.39,29,329.19,704,13210.07,1.2,1
app_5af74602,3389.41,17404.73,40,683.36,640,12183.31,1.2,0
app_ba67eacc,4375.73,17194.9,44,635.49,693,20633.88,1.2,1
app_07933164,2744.94,24381.05,28,648.64,612,17066.74,1.2,0
app_9a1cc72e,4415.28,7055.36,35,362.4,544,8466.43,0.63,1
app_33399021,2280.41,17056.09,34,1466.37,514,11939.27,1.2,0
app_505b1f39,3175.38,1000.0,30,241.74,664,3000.0,0.202,1
app_407b0b35,3607.68,23163.71,36,751.75,671,16214.59,1.2,0
app_9675dbf6,3980.24,7090.38,15,223.47,752,8508.46,1.2,1
app_eb3a4797,4776.54,18369.66,26,426.01,638,12858.76,1.2,0
app_16e2668c,2235.38,15302.07,45,574.51,684,18362.48,1.2,1
app_ea934cff,3064.94,19025.63,26,1640.16,575,13317.94,1.2,0
app_09daf4b3,4775.75,1000.0,51,987.51,702,3000.0,0.256,1
app_a8deff8b,3058.77,21351.09,28,1118.85,543,14945.76,1.2,0
app_c8e2fdbb,3391.24,18761.66,47,117.45,648,22513.99,1.2,1
app_a9573419,1854.4,22395.84,24,1042.69,652,15677.09,1.2,0
app_cb4e0942,3911.75,18060.38,32,314.46,631,21672.46,1.2,1
app_c374cd95,3517.18,13400.88,40,871.47,526,9380.61,1.2,0
app_fdd1b001,3390.9,20297.23,38,0.0,721,24356.68,1.2,1
app_97539f6f,2353.89,38724.28,39,747.75,699,27106.99,1.2,0
app_9f90f86e,2158.96,12565.92,59,353.52,578,15079.11,1.2,1
app_165b9e64,2104.08,26727.11,40,564.46,552,18708.98,1.2,0
app_579bcf10,3440.3,14167.19,52,820.97,731,17000.62,1.189,1
app_590a0507,1500.0,10032.4,42,361.81,584,7022.68,1.2,0
app_043d96a6,4304.15,5174.44,23,362.35,735,6209.32,0.711,1
app_fa4e6e67,3561.52,21642.32,36,601.52,525,15149.62,1.2,0
app_8401f2c5,3489.12,14459.61,40,0.0,645,17351.54,1.2,1
app_51c8ba18,3704.51,18475.29,18,1842.33,597,12932.7,1.2,0
app_f8f79997,4384.33,14397.15,31,108.97,848,17276.58,1.2,1
app_dc8c8832,3503.21,22931.62,42,498.67,689,16052.14,1.2,0
app_9b7031e1,3156.87,13699.72,16,0.0,722,16439.66,1.2,1
app_fefbd1b5,1690.9,6064.99,42,1748.03,697,4245.5,1.2,0
app_cf792e90,3742.68,12053.07,46,848.85,675,14463.69,1.067,1
app_65b61ed0,2534.18,19803.69,42,846.77,591,13862.58,1.2,0
app_7aea99b2,5379.83,19257.12,41,1087.64,672,23108.55,1.2,1
app_be4d2f9f,4122.97,21255.09,75,423.01,551,14878.56,0.927,0
app_c93a839b,4418.8,14383.4,59,132.65,763,17260.09,0.692,1
app_850639e4,3662.46,22227.89,24,1463.1,686,15559.52,1.2,0
app_2af95dd1,4599.58,13226.09,38,368.51,744,15871.3,0.988,1
app_9b500bc5,2531.13,12908.85,23,599.19,615,9036.2,1.2,0
app_78007c80,3973.04,13292.06,42,149.07,802,15950.48,0.993,1
app_3a0230db,2232.29,15399.44,41,165.4,544,10779.61,1.2,0
app_91a8b69f,4981.07,1575.47,49,1004.45,674,3000.0,0.279,1
app_ca9328d7,2791.81,24714.52,30,1247.11,553,17300.17,1.2,0
app_790dedde,3522.4,7203.98,40,863.19,687,8644.78,0.859,1
app_6ebeb5d0,1500.0,11503.76,40,1637.65,627,8052.63,1.2,0
app_516268c1,3613.1,16597.1,33,248.69,632,19916.52,1.2,1
app_7c16fa21,3908.45,2764.75,45,714.5,571,3000.0,0.371,0
app_bc120f20,5692.32,7715.21,27,347.84,728,9258.26,0.663,1
app_8e1558e8,2058.14,8556.85,25,1412.53,605,5989.79,1.2,0
app_8acec604,4451.09,10431.47,28,1071.03,686,12517.77,1.2,1
app_b9384483,2056.63,24576.85,27,662.11,600,17203.8,1.2,0
app_6dbd73b1,4000.27,13557.67,61,534.5,533,16269.2,0.8,1
app_39f2cce8,2826.3,18227.28,36,998.38,597,12759.1,1.2,0
app_ef1ec992,3947.39,15678.27,29,20.93,850,18813.92,1.2,1
app_242dbfcc,1784.14,18600.86,18,946.59,534,13020.6,1.2,0
app_3cba42c1,3557.53,18270.39,41,627.36,576,21924.47,1.2,1
app_19d28ab4,4336.9,10848.71,54,1308.62,640,7594.1,0.858,0
app_a5340977,3145.02,12909.54,30,411.62,682,15491.45,1.2,1
app_f7c94034,1500.0,24730.7,35,706.08,560,17311.49,1.2,0
app_c0bfa9c6,4358.46,6637.46,8,562.85,736,7964.95,1.2,1
app_bfc6b355,2300.37,11112.58,37,314.19,528,7778.81,1.2,0
app_b1029b6a,3249.3,17063.63,31,220.85,836,20476.36,1.2,1
app_11bf8b84,2852.46,20033.97,31,661.45,446,14023.78,1.2,0
app_2f0c9f2e,4968.74,14689.86,33,345.11,751,17627.83,1.145,1
app_5d0f8ca8,1500.0,14460.71,22,1608.6,661,10122.5,1.2,0
app_74d84b7a,1797.31,2917.43,34,211.02,607,3500.92,0.69,1
app_0c11754d,4444.76,19875.24,41,623.19,650,13912.67,1.2,0
app_cbad7786,3619.57,10299.94,43,0.0,811,12359.93,0.794,1
app_82b5d702,2682.39,25685.67,23,530.73,518,17979.97,1.2,0
app_6ad1ac2e,4250.3,12395.9,30,0.0,611,14875.08,1.167,1
app_1c66f3e5,2451.52,15206.48,27,1518.84,594,10644.54,1.2,0
app_e8a58006,5270.04,8800.49,38,377.81,581,10560.58,0.599,1
app_04567091,3928.34,17189.08,44,599.19,588,12032.35,1.2,0
app_faa34ab7,3133.15,19415.99,39,546.82,795,23299.19,1.2,1
app_71aece56,3656.34,22592.06,18,621.73,529,15814.44,1.2,0
app_df6e444c,4727.53,13023.91,19,324.5,595,15628.69,1.2,1
app_2fd22423,2446.84,8067.76,42,1051.19,733,5647.44,1.2,0
app_5a435e92,4847.87,9462.51,45,0.0,632,11355.02,0.521,1
app_3e6f182a,2833.14,5050.5,35,491.89,607,3535.35,0.785,0
app_da6f0004,2922.26,14545.49,36,960.15,700,17454.59,1.2,1
app_dd3bb14c,1731.36,16518.68,19,1062.45,641,11563.08,1.2,0
app_57e45e86,6469.2,8268.98,32,169.7,714,9922.78,0.506,1
app_28a37268,2881.69,17679.75,49,653.21,669,12375.83,1.2,0
app_db0941bf,4538.5,11927.82,32,1370.67,642,14313.38,1.2,1
app_efda3327,2797.93,13498.69,57,1254.73,552,9449.08,1.2,0
app_6f3b16ff,4512.59,13546.17,29,703.27,727,16255.41,1.2,1
app_8b36eaf5,2715.7,17748.48,41,991.76,604,12423.94,1.2,0
app_12a66d21,3358.98,22162.6,23,571.05,677,26595.12,1.2,1
app_8b8f1b9b,4259.55,12579.1,27,512.07,622,8805.37,1.2,0
app_68e7cbbe,2626.95,9128.83,10,496.17,664,10954.59,1.2,1
app_9ae4fafa,1500.0,24513.66,20,1218.78,550,17159.56,1.2,0
app_ed9b7a50,5601.57,16497.3,23,33.17,742,19796.76,1.2,1
app_456fe2d1,2237.62,16983.94,51,600.52,606,11888.76,1.2,0
app_33b7ecd4,4954.63,16854.7,34,284.44,578,20225.65,1.2,1
app_54393436,1500.0,19910.16,34,929.97,672,13937.11,1.2,0
app_2b17a247,2812.68,10582.92,38,118.34,800,12699.5,1.2,1
app_61303f54,3408.59,19740.8,57,300.44,599,13818.56,1.2,0
app_fc35b505,4366.34,6512.67,39,0.0,748,7815.2,0.459,1
app_742b7a1f,3557.83,19634.0,13,513.28,639,13743.8,1.2,0
app_f62f19ee,4021.2,1000.0,50,454.66,642,3000.0,0.173,1
app_cbe80f9a,3494.96,13934.76,27,1043.34,724,9754.33,1.2,0
app_421f3bc1,5623.59,14158.27,41,716.6,612,16989.92,0.864,1
app_c3b342e8,3144.15,13595.56,39,809.01,635,9516.89,1.2,0
app_be96cec5,4118.1,1000.0,38,656.86,731,3000.0,0.236,1
app_bcafcf77,2397.41,27852.97,39,1075.07,673,19497.08,1.2,0
app_d99c9f54,4362.59,6611.89,6,209.15,753,7934.27,1.2,1
app_37b6d05c,2146.9,22807.07,37,1415.23,579,15964.95,1.2,0
app_671ef489,4467.61,15035.31,54,0.0,667,18042.37,0.748,1
app_8bc2f279,3348.52,27275.38,38,782.92,652,19092.77,1.2,0
app_14af862d,4868.7,9842.03,39,872.21,832,11810.44,0.801,1
app_b42129e1,3242.6,18264.83,35,1122.96,591,12785.38,1.2,0
app_54e2b8fe,4189.64,5652.74,51,0.0,669,6783.29,0.317,1
app_7f3cbb0d,2597.59,29945.92,30,633.59,561,20962.14,1.2,0
app_f42e0093,5658.9,1000.0,23,1492.52,741,3000.0,0.356,1
app_bdd679bc,1500.0,17748.49,36,1238.45,728,12423.94,1.2,0
app_1c9165de,4388.55,8761.27,45,120.7,627,10513.52,0.56,1
app_a0a7f7ef,1500.0,8609.23,25,428.88,621,6026.46,1.2,0
app_bc07beb3,2800.6,1000.0,23,211.26,657,3000.0,0.262,1
app_f8703e63,4019.52,14318.74,46,892.41,597,10023.12,1.151,0
app_fcac934b,3164.62,11647.3,26,468.01,683,13976.76,1.2,1
app_ceb9e176,1555.37,23951.37,41,720.77,610,16765.96,1.2,0
app_cd011f9b,3916.18,6794.45,36,151.6,633,8153.35,0.617,1
app_1f0e9fe0,1500.0,15848.36,42,622.14,776,11093.85,1.2,0
app_9d700579,4885.69,19825.98,45,1141.15,644,23791.18,1.2,1
app_ef0a5c8d,1500.0,15323.25,42,960.61,619,10726.27,1.2,0
app_d9c49f4f,5320.91,14292.35,45,24.17,623,17150.81,0.721,1
app_547a7f0d,4114.11,18605.41,28,651.44,554,13023.79,1.2,0
app_12efeaf7,3291.04,4301.11,17,322.0,658,5161.34,1.02,1
app_dec6d895,3607.16,19758.46,39,602.75,591,13830.92,1.2,0
app_a3bb7263,4361.0,16297.17,34,831.65,700,19556.61,1.2,1
app_efddd078,3292.85,15060.89,14,1007.34,650,10542.62,1.2,0
app_761271a2,4575.35,14533.12,31,77.3,738,17439.74,1.2,1
app_c75108db,2926.45,14634.61,49,546.85,559,10244.22,1.2,0
app_5b77dccf,5636.43,17211.49,31,514.95,710,20653.79,1.2,1
app_1417e4cb,1500.0,12561.16,35,757.36,617,8792.81,1.2,0
app_b5acd0f7,5129.48,10070.79,23,529.94,677,12084.94,1.128,1
app_9a359232,2343.94,16249.36,62,3.72,572,11374.55,1.2,0
app_8308ebdb,3996.31,7313.15,46,725.3,696,8775.77,0.659,1
app_89567f36,2229.33,17328.26,34,868.65,586,12129.78,1.2,0
app_4c9439e2,4252.45,16519.27,21,0.0,577,19823.13,1.2,1
app_8ef123d4,3366.4,19501.94,42,328.2,724,13651.36,1.2,0
app_f69ed136,3391.15,13009.23,46,5.21,661,15611.08,1.002,1
app_7bc41065,2679.17,35144.84,39,1542.54,684,24601.39,1.2,0
app_d8f1bd65,4368.01,6064.83,48,0.0,812,7277.79,0.347,1
app_219a5ea7,2700.01,2098.66,31,1161.58,583,3000.0,0.731,0
app_e46210e7,4715.01,6899.85,20,371.42,702,8279.83,0.957,1
app_858d1c79,2151.62,25363.75,25,1025.27,604,17754.62,1.2,0
app_56d21123,2443.28,4085.82,36,1192.48,740,4902.98,1.045,1
app_c2adce22,1500.0,1000.0,44,861.51,679,3000.0,0.756,0
app_5994afa6,3119.28,14101.27,46,221.01,670,16921.53,1.2,1
app_74a9fec5,2525.26,21256.06,35,1289.6,567,14879.24,1.2,0
app_e379e3d6,2671.6,23861.85,28,172.62,695,28634.22,1.2,1
app_831bc528,2567.18,15679.9,35,884.1,612,10975.93,1.2,0
app_2a5dea9c,1642.51,23285.26,34,632.25,603,27942.31,1.2,1
app_9d1da54f,2029.0,13966.1,53,665.67,653,9776.27,1.2,0
app_4d1e2970,3349.58,9284.29,33,913.54,567,11141.14,1.2,1
app_485d4849,1500.0,6316.17,22,575.36,486,4421.32,1.2,0
app_158e60c2,3265.85,1000.0,23,880.17,728,3000.0,0.429,1
app_50566fcc,2687.47,11983.33,17,444.34,596,8388.33,1.2,0
app_a4f9d469,4868.18,17414.2,43,104.98,701,20897.05,1.02,1
app_78fcf4ae,2178.66,16792.86,60,195.2,583,11755.0,1.2,0
app_cbc0d598,5211.75,3204.65,28,188.38,684,3845.58,0.3,1
app_71954651,1500.0,21571.72,43,1103.35,539,15100.2,1.2,0
app_e4ca7e76,4086.51,6603.36,32,1261.39,706,7924.03,0.915,1
app_3dc5511f,1500.0,19082.01,19,420.4,527,13357.41,1.2,0
app_f2466f82,3555.69,17621.81,42,609.2,623,21146.18,1.2,1
app_97e4b8eb,1958.69,19632.01,28,788.65,630,13742.4,1.2,0
app_4b837435,3651.23,13356.36,55,331.26,782,16027.63,0.889,1
app_15f4a335,3059.37,9196.55,22,566.56,540,6437.58,1.2,0
app_e2a4a734,3909.71,15687.86,51,523.27,668,18825.44,1.078,1
app_f7afba10,1500.0,18423.54,36,973.17,747,12896.48,1.2,0
app_d6b04b34,5240.6,16710.37,24,194.8,693,20052.44,1.2,1
app_b47389fe,1724.59,21002.79,40,464.68,683,14701.95,1.2,0
app_077e2839,4102.31,1625.57,35,512.48,768,3000.0,0.261,1
app_680bcecc,2162.52,22967.63,38,373.98,500,16077.34,1.2,0
app_ce65b5af,5122.56,19175.91,39,998.28,773,23011.09,1.2,1
app_da3d60bf,3183.63,12532.13,56,1114.52,572,8772.49,1.194,0
app_03f6e9be,3331.73,13540.7,15,679.87,633,16248.84,1.2,1
app_4ad3f870,2870.61,14870.28,32,597.24,588,10409.19,1.2,0
app_3850896a,5889.38,20310.36,40,389.88,759,24372.43,1.101,1
app_cc8163e2,3629.97,13021.09,35,171.22,678,9114.76,1.2,0
app_2b0e74d0,6065.02,12480.5,10,643.56,636,14976.59,1.2,1
app_4c78251c,1836.65,21759.46,39,704.76,554,15231.62,1.2,0
app_1368e6d3,4125.84,9543.21,22,266.97,723,11451.85,1.2,1
app_61264f9a,2321.9,9518.95,47,0.0,568,6663.26,1.047,0
app_a432e2bf,3379.8,12889.07,42,850.71,650,15466.89,1.2,1
app_0667c5b5,3086.58,19174.91,15,1660.22,499,13422.44,1.2,0
app_347be747,4419.5,14339.76,39,202.17,757,17207.71,1.044,1
app_efc2e9ad,1500.0,17605.03,29,629.08,630,12323.52,1.2,0
app_845f7350,5077.48,9940.47,45,419.9,637,11928.56,0.605,1
