application_id,age,income,employment_length,loan_amount,loan_duration_months,collateral_value,co_loaners,credit_score,existing_debt,DTI,LTV,CCR,ITI,CWI,synthetic_score,synthetic_approved,session_flagged,created_at,employment_years,debt_to_income,credit_history_length,num_delinquencies,current_loans,requested_amount,loan_term_months
APP_0001,24,74445,29,75105,12,120457,1,783,51276,0.6887769494257413,0.6235005022539112,1.6038479462086197,0.0840721337830392,0.1879313999020542,0.0,0,False,:12:12,29,0.006887769494257413,20,0,3,75105.0,12
APP_0002,55,147658,23,94142,36,267069,0,562,14482,0.0980779910333331,0.3525006646222499,2.8368740838307787,0.017710219259931,1.6567171639074745,0.264,1,False,:12:12,23,0.000980779910333331,6,0,0,94142.0,36
APP_0003,49,91833,9,89468,12,229269,1,841,17981,0.1958010736881056,0.3902315620515622,2.562581034559814,0.0811872275330793,1.256625990268344,0.332,1,False,:12:12,9,0.001958010736881056,23,0,0,89468.0,12
APP_0004,40,119460,29,18742,24,22887,0,718,19349,0.1619705340699802,0.8188928212522034,1.221161028705516,0.0065370556389931,0.1853394587706986,0.588,1,False,:12:12,29,0.0016197053406998019,9,0,4,18742.0,24
APP_0005,40,86751,14,99648,36,298353,0,657,10643,0.1226844647323936,0.3339936250012558,2.9940691233140355,0.031907413170143,1.7494278202808715,0.093,0,False,:12:12,14,0.001226844647323936,6,0,0,99648.0,36
APP_0006,58,60892,15,65719,24,181279,0,796,9326,0.1531564080667386,0.3625295814738588,2.7583955933595647,0.0449696457096585,1.48908604032025,0.086,0,False,:12:12,15,0.001531564080667386,23,0,3,65719.0,24
APP_0007,24,128170,13,40800,60,63966,0,583,20820,0.1624405086993823,0.6378388518900566,1.5677941176470205,0.0053054536942237,0.4755613523399551,0.149,0,False,:12:12,13,0.0016244050869938232,19,0,1,40800.0,60
APP_0008,51,155838,4,63164,24,168887,0,696,52458,0.3366187964424573,0.3740015513331377,2.6737857007155554,0.0168882643079586,1.1103579726381043,0.0,0,False,:12:12,4,0.003366187964424573,20,0,0,63164.0,24
APP_0009,29,60575,28,116137,36,140855,0,456,92,0.0015187783739166,0.8245145717226877,1.212834841609468,0.0532567524174678,0.2125115926548313,0.209,0,False,:12:12,28,1.5187783739166e-05,29,0,1,116137.0,36
APP_0010,25,130131,0,103335,36,309819,2,829,16994,0.1305914808923305,0.3335334501757467,2.9982000290317607,0.0220579006277282,1.7372521281214162,0.0,0,False,:12:12,0,0.001305914808923305,11,0,4,103335.0,36
APP_0011,44,60253,5,100542,36,234400,0,642,3637,0.060362139644498,0.4289334470989743,2.331364007081594,0.0463517722479496,1.25100002696849,0.019,0,False,:12:12,5,0.00060362139644498,25,0,2,100542.0,36
APP_0012,63,121780,6,57147,36,131452,0,730,33689,0.2766382000328438,0.4347366339043876,2.300243232365613,0.0130351179719375,0.9405462849591216,0.0,0,False,:12:12,6,0.0027663820003284378,9,0,0,57147.0,36
APP_0013,53,131515,8,94744,36,111881,2,553,15036,0.1143291639736903,0.8468283265254972,1.1808768893016848,0.0200112365715291,0.1601973857656786,0.107,0,False,:12:12,8,0.001143291639736903,17,2,0,94744.0,36
APP_0014,54,85663,3,48055,60,134268,0,776,47518,0.554708567292757,0.357903595793485,2.794048486109608,0.0093496219680995,0.7988744207260203,0.0,0,False,:12:12,3,0.00554708567292757,17,1,1,48055.0,60
APP_0015,52,124484,0,83281,24,88111,0,340,35101,0.2819719803348198,0.9451827808105576,1.057996421752848,0.0278754029957428,0.0416430558588808,0.077,0,False,:12:12,0,0.002819719803348198,6,0,4,83281.0,24
APP_0016,55,61752,20,77828,24,115314,1,362,47029,0.7615785723539196,0.6749223858334575,1.4816518476640606,0.0525138187135341,0.1148361211484429,0.0,0,False,:12:12,20,0.0076157857235391955,5,1,0,77828.0,24
APP_0017,43,35699,29,32226,36,41444,1,578,38094,1.067088713969549,0.7775793842293028,1.2860423260720757,0.0250753989367146,0.0,0.0,0,False,:12:12,29,0.01067088713969549,6,0,2,32226.0,36
APP_0018,26,38012,3,34176,48,87269,0,702,26303,0.6919656950436522,0.3916167252976384,2.5535170880149067,0.0187309270752696,0.4785365564444937,0.0,0,False,:12:12,3,0.006919656950436523,20,0,1,34176.0,48
APP_0019,57,85348,8,10152,12,14176,0,745,51658,0.6052631578947297,0.7161399548532226,1.3963750985026204,0.0099123588125028,0.1564638546721566,0.0,0,False,:12:12,8,0.006052631578947297,18,0,0,10152.0,12
APP_0020,40,146851,15,19352,36,54597,0,542,28575,0.1945849875043398,0.3544517098008983,2.821258784621598,0.0036605508681631,1.466869166773892,0.391,1,False,:12:12,15,0.0019458498750433981,28,0,3,19352.0,36
APP_0021,43,42222,27,53733,48,124259,0,657,56996,1.3499123679597995,0.4324274298038739,2.312526752647306,0.0265131329633047,0.0,0.0,0,False,:12:12,27,0.013499123679597996,21,0,2,53733.0,48
APP_0022,37,86529,20,58911,36,63171,0,604,59682,0.6897340775924754,0.9325639929714435,1.072312471355077,0.0189117713901835,0.0224360956265607,0.0,0,False,:12:12,20,0.006897340775924754,7,0,0,58911.0,36
APP_0023,29,120044,22,22319,60,22561,0,828,35341,0.2944003865249384,0.9892735251096588,1.0108427796943855,0.003098724911925,0.0076506611614165,0.255,1,False,:12:12,22,0.002944003865249384,27,1,4,22319.0,60
APP_0024,61,52319,17,51776,36,57125,0,659,40475,0.7736195263670794,0.9063632385120192,1.1033104140914498,0.0274894822565844,0.0233874604732438,0.0,0,False,:12:12,17,0.007736195263670794,28,0,3,51776.0,36
APP_0025,55,122418,12,73688,36,162986,1,529,15339,0.1253002009508395,0.452112451376189,2.2118391054174054,0.016720489542649,1.0599954219885364,0.281,1,False,:12:12,12,0.001253002009508395,21,0,2,73688.0,36
APP_0026,49,66304,5,30210,24,78635,0,833,48878,0.7371802606177494,0.3841800724868012,2.6029460443560875,0.018984525819672,0.4212858616214884,0.0,0,False,:12:12,5,0.007371802606177495,20,0,2,30210.0,24
APP_0027,38,134169,25,42573,60,62884,0,358,40295,0.3003301805931303,0.6770084600216164,1.4770864162731905,0.0052884794549275,0.3338029667153611,0.461,1,False,:12:12,25,0.0030033018059313034,3,1,2,42573.0,60
APP_0028,57,103194,24,45998,24,124140,0,841,54153,0.524768881911734,0.3705332688899599,2.698812991869153,0.0185726237305798,0.8073287975488642,0.248,1,False,:12:12,24,0.00524768881911734,2,0,4,45998.0,24
APP_0029,44,98832,0,62091,36,69198,1,384,16020,0.1620932491500712,0.8972947195005506,1.1144610329999338,0.0174513315520486,0.0959076722599265,0.047,0,False,:12:12,0,0.001620932491500712,7,0,0,62091.0,36
APP_0030,40,48864,21,45867,36,119342,0,458,47255,0.9670718729534838,0.3843324227849342,2.6019142302744327,0.0260740695255794,0.0527480352920996,0.0,0,False,:12:12,21,0.009670718729534839,13,0,0,45867.0,36
APP_0031,40,87532,2,89222,36,254781,0,751,28216,0.3223506831787195,0.350190948304621,2.855584945417017,0.0283140895766121,1.2574358705657052,0.163,0,False,:12:12,2,0.0032235068317871952,2,0,0,89222.0,36
APP_0032,30,140642,22,41316,36,105116,0,703,11110,0.0789948948393788,0.3930514859773926,2.5441959531415788,0.0081601987076035,1.4222123562117963,0.599,1,False,:12:12,22,0.0007899489483937879,26,0,4,41316.0,36
APP_0033,25,27635,24,53765,36,128833,0,833,10271,0.3716663651166864,0.4173232013536871,2.39622430949498,0.0540427798871244,0.8772946954974421,0.0,0,False,:12:12,24,0.0037166636511668637,14,2,2,53765.0,36
APP_0034,45,127400,3,47397,60,126832,0,712,33730,0.2647566718995269,0.373699066481642,2.675949954638423,0.006200549450446,1.2322310223782125,0.031,0,False,:12:12,3,0.0026475667189952688,20,0,3,47397.0,60
APP_0035,60,91522,13,24401,36,26360,1,650,19166,0.2094141299359694,0.9256828528072486,1.0802835949345897,0.0074059303286283,0.0634710757532931,0.343,1,False,:12:12,13,0.002094141299359694,6,1,0,24401.0,36
APP_0036,23,122127,3,83231,36,116820,0,490,6113,0.0500544515135879,0.7124721794213258,1.4035635760713987,0.0189308852437051,0.3833634226203025,0.061,0,False,:12:12,3,0.0005005445151358791,9,0,0,83231.0,36
APP_0037,58,114545,17,30547,24,38179,1,302,25628,0.2237373957833146,0.8000995311558501,1.2498445019150408,0.0111117173740767,0.1939449437058359,0.124,0,False,:12:12,17,0.002237373957833146,3,0,1,30547.0,24
APP_0038,57,83332,27,37734,36,75809,2,368,39175,0.4701075217203418,0.4977509266709691,2.0090369428101447,0.0125782012508704,0.5346810863014181,0.129,0,False,:12:12,27,0.004701075217203418,22,0,2,37734.0,36
APP_0039,33,66670,2,95751,36,238456,0,463,19136,0.2870256487175598,0.401545777837419,2.490376079623163,0.0398942552861268,1.0625999185362018,0.0,0,False,:12:12,2,0.0028702564871755983,23,0,1,95751.0,36
APP_0040,48,109686,11,114016,12,257678,0,322,57320,0.5225826450048272,0.4424747165066461,2.260016138085863,0.0866230269363589,0.6015535718961911,0.0,0,False,:12:12,11,0.005225826450048272,6,0,0,114016.0,12
APP_0041,28,43930,29,81488,12,220201,0,579,46772,1.0646938310948997,0.3700618979931954,2.7022506381307343,0.1545792548622951,0.0,0.0,0,False,:12:12,29,0.010646938310948997,21,1,2,81488.0,12
APP_0042,54,103853,9,110212,36,144424,1,727,30763,0.2962167679315927,0.7631141638508783,1.310419917976252,0.0294786327247106,0.2184683331717477,0.0,0,False,:12:12,9,0.002962167679315927,2,1,3,110212.0,36
APP_0043,51,37783,3,102940,36,254183,0,829,56079,1.4842389434401324,0.4049838108764142,2.469234505537182,0.075680714722625,0.0,0.0,0,False,:12:12,3,0.014842389434401325,11,0,1,102940.0,36
APP_0044,36,112729,14,59266,36,82147,0,569,25978,0.2304464689653928,0.7214627436181391,1.3860729592008676,0.0146038532918063,0.2971038089900298,0.101,0,False,:12:12,14,0.002304464689653928,4,0,1,59266.0,36
APP_0045,23,109880,15,93123,12,143550,0,781,8380,0.0762650163815064,0.6487147335423152,1.5415096163138908,0.070624772473182,0.500211376554985,0.445,1,False,:12:12,15,0.000762650163815064,22,0,3,93123.0,12
APP_0046,63,36399,19,41418,24,100223,1,842,2150,0.0590675568010094,0.4132584336928607,2.419793326572929,0.0474120168116719,1.335929603609921,0.198,0,False,:12:12,19,0.000590675568010094,10,0,3,41418.0,24
APP_0047,40,127260,9,56878,24,168382,0,772,56281,0.4422520823510887,0.3377914503925578,2.9604064840535367,0.018622636072355,1.0934126342262966,0.168,0,False,:12:12,9,0.004422520823510887,14,0,1,56878.0,24
APP_0048,60,81133,28,65645,48,145934,0,555,57586,0.7097728421234182,0.4498266339578134,2.2230786807829657,0.0168563243888203,0.3549706493830856,0.007,0,False,:12:12,28,0.007097728421234181,13,0,4,65645.0,48
APP_0049,50,131229,15,115377,48,127953,0,478,44355,0.337996936652719,0.9017139105765328,1.108999193946791,0.0183167402018601,0.0721578002951709,0.092,0,False,:12:12,15,0.00337996936652719,14,2,3,115377.0,48
APP_0050,55,30617,8,102281,24,228354,2,837,6180,0.2018486461769539,0.4479054450546063,2.2326140729949624,0.1391941840531607,0.9838125911022796,0.0,0,False,:12:12,8,0.0020184864617695387,7,0,0,102281.0,24
APP_0051,54,49226,28,60242,36,65344,0,433,17619,0.3579206110591891,0.9219209108716804,1.0846917433019974,0.0339940049738425,0.0543788227876988,0.0,0,False,:12:12,28,0.003579206110591891,16,0,1,60242.0,36
APP_0052,29,91688,27,79352,12,219669,0,526,2464,0.0268737457464441,0.3612344026694692,2.7682856134690645,0.0721213971960947,1.7207651554856187,0.179,0,False,:12:12,27,0.00026873745746444096,24,0,4,79352.0,12
APP_0053,37,50410,14,26675,24,64531,1,340,3074,0.0609799642927978,0.4133672188560472,2.4191565135894124,0.0220483700314818,1.3326164000648884,0.0,0,False,:12:12,14,0.000609799642927978,14,0,2,26675.0,24
APP_0054,41,69531,0,97113,12,130738,1,736,14763,0.2123225611597674,0.7428062231332838,1.3462461256474276,0.1163905308326572,0.2727302614583333,0.0,0,False,:12:12,0,0.002123225611597674,5,1,1,97113.0,12
APP_0055,42,114180,17,67705,24,80124,0,657,34328,0.3006480994920275,0.8450027457440861,1.183428107229877,0.0247069685281931,0.1282807953978136,0.056,0,False,:12:12,17,0.003006480994920275,0,0,3,67705.0,24
APP_0056,22,44510,16,65328,36,89307,0,346,3931,0.088317232082676,0.7314992105881876,1.3670554739162173,0.0407698644488029,0.3346381504391661,0.253,1,False,:12:12,16,0.00088317232082676,3,2,1,65328.0,36
APP_0057,45,116489,4,92655,60,274263,1,422,59076,0.5071380130312689,0.3378326642675084,2.96004532944792,0.0132566165043416,0.96603183562049,0.0,0,False,:12:12,4,0.005071380130312689,2,0,2,92655.0,60
APP_0058,27,38959,19,77051,24,147716,1,605,27307,0.700916347955525,0.5216158032982174,1.917119829723145,0.0824060764701219,0.2742955480360112,0.056,0,False,:12:12,19,0.00700916347955525,2,0,3,77051.0,24
APP_0059,53,48649,25,11478,36,29477,0,597,15830,0.3253920943904227,0.3893883366692544,2.568130336295298,0.0065537489634827,1.0578731218910946,0.234,0,False,:12:12,25,0.0032539209439042273,3,0,0,11478.0,36
APP_0060,51,104332,3,36714,36,83444,0,741,30965,0.2967929302610867,0.4399837016442112,2.2728114615677324,0.0097748853017769,0.8950500182191761,0.161,0,False,:12:12,3,0.002967929302610867,17,0,4,36714.0,36
APP_0061,61,132120,21,23676,60,50780,1,446,47409,0.3588328792007239,0.4662465537613142,2.1447879709409468,0.0029866787768197,0.7340004072538918,0.177,0,False,:12:12,21,0.003588328792007239,24,0,3,23676.0,60
APP_0062,53,48030,4,88982,36,114809,1,808,18754,0.3904642931501064,0.7750437683456805,1.2902497134251725,0.0514620491807935,0.1769175642356037,0.0,0,False,:12:12,4,0.003904642931501064,25,1,3,88982.0,36
APP_0063,37,65499,22,7112,24,20568,1,544,2850,0.0435121146887732,0.3457798521975717,2.8920134983123043,0.0045242421001997,1.809687989981213,0.376,1,False,:12:12,22,0.000435121146887732,19,0,2,7112.0,24
APP_0064,63,149891,12,26681,36,42761,0,752,3057,0.020394820236038,0.6239564088772334,1.6026760616168207,0.0049445189428871,0.5903845916796421,0.329,1,False,:12:12,12,0.00020394820236038,18,0,1,26681.0,36
APP_0065,39,158607,0,72901,24,157177,0,431,51119,0.322299772393398,0.4638146802649213,2.156033524917324,0.0191513720487751,0.7834441829573465,0.148,0,False,:12:12,0,0.00322299772393398,9,0,3,72901.0,24
APP_0066,35,103443,28,84291,60,202260,1,320,6696,0.0647313012963654,0.4167457727677227,2.399544435348941,0.0135809092928141,1.308950102826733,0.385,1,False,:12:12,28,0.000647313012963654,27,0,0,84291.0,60
APP_0067,60,85350,4,61886,24,142242,1,330,38133,0.4467838312829473,0.435075434822342,2.298451992373036,0.0302118726798577,0.7183246364836475,0.0,0,False,:12:12,4,0.004467838312829473,19,1,2,61886.0,24
APP_0068,37,71827,17,103704,36,298790,1,504,23070,0.3211884110431965,0.347079888885169,2.88118105376839,0.0401056241606444,1.2769675002239635,0.0,0,False,:12:12,17,0.003211884110431965,21,0,0,103704.0,36
APP_0069,24,107681,5,110515,12,143324,0,824,46651,0.4332333466442507,0.7710850939130867,1.296873727548285,0.0855265398033616,0.168258129031797,0.0,0,False,:12:12,5,0.004332333466442507,22,1,0,110515.0,12
APP_0070,41,104773,27,18456,36,37220,0,326,3631,0.0346558750823204,0.4958624395486165,2.0166883398351745,0.0048931181378066,0.9814541157322731,0.426,1,False,:12:12,27,0.000346558750823204,25,0,1,18456.0,36
APP_0071,56,64791,22,114443,48,206920,1,502,53867,0.8313963359108391,0.5530784844384277,1.808061655147088,0.0367987709190621,0.1362421558677533,0.0,0,False,:12:12,22,0.008313963359108391,21,0,4,114443.0,48
APP_0072,29,28078,24,74882,36,145895,0,360,41891,1.491950993660464,0.5132595359676445,1.948332042413371,0.0740813289941485,0.0,0.0,0,False,:12:12,24,0.01491950993660464,27,0,0,74882.0,36
APP_0073,41,45452,12,77437,36,95900,2,812,26956,0.5930652116518395,0.8074765380604713,1.2384260753903011,0.0473252613244297,0.0970238645256443,0.0,0,False,:12:12,12,0.0059306521165183946,16,0,1,77437.0,36
APP_0074,26,154405,14,14126,60,17914,0,671,12421,0.0804442861306299,0.7885452718543715,1.2681580065127234,0.0015247779108798,0.246586227108711,0.455,1,False,:12:12,14,0.000804442861306299,16,0,0,14126.0,60
APP_0075,51,81450,19,75759,48,117892,1,719,58628,0.719803560466535,0.6426135785294961,1.5561451444712633,0.0193776856963425,0.1558298893446785,0.026,0,False,:12:12,19,0.00719803560466535,7,1,2,75759.0,48
APP_0076,41,90110,23,87908,24,141479,1,692,18124,0.2011319498390833,0.6213501650421573,1.609398462028466,0.0406484666871676,0.4868289611317568,0.354,1,False,:12:12,23,0.002011319498390833,28,0,4,87908.0,24
APP_0077,35,88059,25,70952,36,131673,0,661,29430,0.3342077470786593,0.538850029998553,1.8558039237794304,0.0223814588949922,0.5697876224720446,0.308,1,False,:12:12,25,0.003342077470786593,16,0,1,70952.0,36
APP_0078,30,130669,0,12885,36,28630,0,725,23647,0.1809687071914518,0.4500523925951641,2.2219635234767385,0.002739109250524,1.000826364398134,0.087,0,False,:12:12,0,0.001809687071914518,14,0,0,12885.0,36
APP_0079,45,33769,19,64217,36,145724,0,304,13833,0.4096360567384166,0.4406755235925418,2.269243346777298,0.0528237601204048,0.7493155071619881,0.195,0,False,:12:12,19,0.004096360567384166,9,0,3,64217.0,36
APP_0080,50,36168,3,112504,24,205164,0,776,24996,0.6911081619110626,0.5483613109512364,1.823615160349838,0.1296081250406773,0.2544080007583805,0.0,0,False,:12:12,3,0.006911081619110626,8,0,1,112504.0,24
APP_0081,62,62239,8,87639,24,159289,0,706,9089,0.1460338373045816,0.5501886508170649,1.817558392952888,0.0586710101358921,0.6981672036094261,0.147,0,False,:12:12,8,0.001460338373045816,18,0,2,87639.0,24
APP_0082,40,90698,24,19076,60,27378,0,706,99,0.0010915345432093,0.6967638249689277,1.435206542251969,0.0035054062198508,0.4347314992777593,0.382,1,False,:12:12,24,1.0915345432092999e-05,13,0,4,19076.0,60
APP_0083,28,115601,7,115312,60,250989,1,516,17399,0.1505090786411869,0.4594304929698096,2.176607811849572,0.0166250003601579,0.9995176541660804,0.06,0,False,:12:12,7,0.001505090786411869,17,0,0,115312.0,60
APP_0084,57,91245,23,115188,48,188226,0,740,6724,0.0736917091347462,0.6119664658442479,1.6340764662985583,0.0263000712362318,0.5873502877749104,0.038,0,False,:12:12,23,0.000736917091347462,19,0,2,115188.0,48
APP_0085,48,84557,13,22819,60,24464,0,510,24886,0.2943103468666072,0.9327583387834804,1.072089048599804,0.004497754966003,0.0508724957011718,0.133,0,False,:12:12,13,0.002943103468666072,26,1,4,22819.0,60
APP_0086,51,151606,6,96703,36,177624,0,326,51765,0.3414442700156964,0.5444253028869942,1.8367992719977475,0.0177182594644658,0.5510789554208209,0.0,0,False,:12:12,6,0.003414442700156964,9,0,3,96703.0,36
APP_0087,25,46737,10,50585,48,98553,0,799,9754,0.2086997453837386,0.5132771199253141,1.948265296036336,0.022548605315803,0.7503625701973409,0.151,0,False,:12:12,10,0.002086997453837386,20,0,4,50585.0,48
APP_0088,34,102183,15,72460,48,105152,0,428,73,0.0007144045487018,0.6890976871576319,1.4511730609991518,0.0147733315062375,0.4508507409121457,0.41,1,False,:12:12,15,7.144045487018e-06,27,0,1,72460.0,48
APP_0089,54,98203,22,55086,36,118154,0,356,6665,0.0678696170178093,0.4662220491900362,2.144900700722468,0.0155816692628957,1.067196728641037,0.223,0,False,:12:12,22,0.000678696170178093,13,0,3,55086.0,36
APP_0090,57,88921,18,94567,36,201573,0,642,30490,0.3428886314818733,0.4691451732126799,2.1315363710385005,0.0295415156266586,0.743545413301154,0.121,0,False,:12:12,18,0.003428886314818733,7,0,3,94567.0,36
APP_0091,40,134025,27,119609,24,287540,0,428,16490,0.123036746875582,0.4159734297836808,2.4039996990192845,0.0371849157479995,1.231256143437666,0.239,0,False,:12:12,27,0.00123036746875582,8,0,3,119609.0,24
APP_0092,56,61041,26,96028,36,220470,2,771,29370,0.4811520125816995,0.4355603937043569,2.29589286458114,0.0436992258378844,0.6723714046976685,0.0,0,False,:12:12,26,0.0048115201258169945,10,0,0,96028.0,36
APP_0093,58,153759,22,111970,24,258075,0,544,1754,0.0114074623274084,0.4338661241887032,2.304858444226112,0.0303423973001401,1.2899733206810138,0.453,1,False,:12:12,22,0.00011407462327408399,18,0,3,111970.0,24
APP_0094,38,69761,18,113685,24,185582,0,302,19985,0.286478118146238,0.6125863499692825,1.6324229229889462,0.0679014779002961,0.4512475941385399,0.052,0,False,:12:12,18,0.00286478118146238,7,0,1,113685.0,24
APP_0095,60,98575,8,13542,36,34868,1,823,24608,0.2496373319807228,0.388379029482609,2.5748043125090403,0.0038160453122618,1.1816743655426238,0.337,1,False,:12:12,8,0.002496373319807228,25,0,0,13542.0,36
APP_0096,33,95290,12,32645,36,68498,1,583,25879,0.2715814880889886,0.4765832579053333,2.098269260223553,0.0095162719648479,0.7999996602096812,0.109,0,False,:12:12,12,0.0027158148808898858,10,0,4,32645.0,36
APP_0097,31,139720,3,87457,24,162918,0,444,33069,0.2366805038648709,0.5368160669784767,1.862835450564256,0.0260810311087518,0.6586191213722483,0.208,0,False,:12:12,3,0.0023668050386487093,1,1,2,87457.0,24
APP_0098,51,84253,11,72038,48,162231,0,672,46834,0.5558733813632682,0.4440458358760012,2.252019767344981,0.017812916651459,0.5560553057372828,0.0,0,False,:12:12,11,0.005558733813632683,0,0,3,72038.0,48
APP_0099,49,63415,27,8867,48,15262,0,591,28033,0.4420562958290556,0.5809854540688912,1.7212134882145345,0.0029130200530287,0.4023965251125647,0.276,1,False,:12:12,27,0.004420562958290556,0,0,1,8867.0,48
APP_0100,27,27917,12,14120,24,28599,0,316,50472,1.8079306515742448,0.4937235567677018,2.025424929178327,0.0210743752304616,0.0,0.0,0,False,:12:12,12,0.01807930651574245,18,0,2,14120.0,24
APP_0101,57,74096,3,63904,12,158060,0,717,31784,0.4289570287194932,0.4043021637352879,2.473397596394553,0.0718707262590353,0.8413733413227149,0.0,0,False,:12:12,3,0.004289570287194932,10,0,0,63904.0,12
APP_0102,29,136549,19,75091,24,208212,0,520,15620,0.1143911709349748,0.3606468407200336,2.7727956745814706,0.0229133253743072,1.5700035015376537,0.298,1,False,:12:12,19,0.001143911709349748,8,0,2,75091.0,24
APP_0103,56,26338,28,22623,48,64297,0,684,13741,0.5217176702862586,0.3518515638365654,2.8421075896210564,0.0178947718122166,0.8810475095473521,0.026,0,False,:12:12,28,0.005217176702862586,18,2,2,22623.0,48
APP_0104,21,145981,26,23041,48,46249,0,792,19349,0.1325446462210826,0.4981945555579473,2.0072479493076685,0.0032882418487565,0.8737426262098291,0.51,1,False,:12:12,26,0.0013254464622108261,2,1,3,23041.0,48
APP_0105,56,98281,8,18132,12,36999,2,635,35847,0.3647398785116109,0.4900672991161791,2.040536068828478,0.0153742839396634,0.6610110694970817,0.174,0,False,:12:12,8,0.003647398785116109,16,0,2,18132.0,12
APP_0106,55,43933,13,69099,48,179639,0,669,14548,0.3311406004597835,0.3846547798640586,2.5997337153938176,0.0327672250920714,1.0699969323025615,0.071,0,False,:12:12,13,0.003311406004597835,18,0,1,69099.0,48
APP_0107,55,65794,15,3918,12,6382,0,440,54850,0.8336626440100794,0.6139141335003738,1.6288922919852913,0.0049624585824358,0.104608281051343,0.118,0,False,:12:12,15,0.008336626440100794,0,0,0,3918.0,12
APP_0108,50,99794,7,69974,24,187163,0,430,28791,0.2885043188969248,0.3738666296223058,2.674750621659435,0.0292160183298777,1.1915778342353924,0.215,0,False,:12:12,7,0.002885043188969248,5,0,2,69974.0,24
APP_0109,41,67618,8,58683,60,116678,0,528,51796,0.7660090508444384,0.5029482850237362,1.9882759913432853,0.0144643438135361,0.2312476372420749,0.0,0,False,:12:12,8,0.007660090508444383,11,0,3,58683.0,60
APP_0110,52,39657,7,57520,24,70848,0,769,40995,1.0337393146228653,0.811878952122843,1.2317107093184765,0.0604348958964809,0.0,0.0,0,False,:12:12,7,0.010337393146228653,9,0,2,57520.0,24
APP_0111,33,114908,29,82475,24,94361,1,588,20001,0.1740609879207698,0.8740369432286551,1.1441163989087464,0.0299061713126163,0.119031356139125,0.252,1,False,:12:12,29,0.001740609879207698,28,1,1,82475.0,24
APP_0112,55,115752,22,64147,36,172169,1,491,13695,0.1183132904831007,0.3725815913433872,2.6839758679283103,0.0153937824924113,1.4847391418995952,0.308,1,False,:12:12,22,0.001183132904831007,13,0,2,64147.0,36
APP_0113,45,41048,25,88146,36,97942,1,728,44636,1.0874098616253878,0.899981621776144,1.1111338007396692,0.0596496784235998,0.0,0.0,0,False,:12:12,25,0.010874098616253878,19,1,2,88146.0,36
APP_0114,41,62966,24,92379,60,144224,2,769,19844,0.315154210208679,0.6405244619480763,1.5612206237348143,0.0244520852519504,0.384349581308859,0.273,1,False,:12:12,24,0.00315154210208679,4,1,2,92379.0,60
APP_0115,43,57922,28,110653,60,184597,2,796,14812,0.2557232139774135,0.5994301099151091,1.668251199696333,0.0318396579302492,0.497363855165735,0.17,0,False,:12:12,28,0.002557232139774135,24,1,3,110653.0,60
APP_0116,46,114022,3,96511,12,129902,2,464,55823,0.4895809580607208,0.7429523794860684,1.345981287107155,0.0705353645144186,0.176595437094162,0.0,0,False,:12:12,3,0.004895809580607207,6,0,3,96511.0,12
APP_0117,22,123589,26,63571,12,103480,0,690,28957,0.2343007872868925,0.6143312717433261,1.6277862547387705,0.0428645213804774,0.4806954410056062,0.421,1,False,:12:12,26,0.002343007872868925,23,0,3,63571.0,12
APP_0118,27,123144,1,60581,48,150567,0,624,2914,0.0236633534723573,0.4023524411059502,2.4853832059556216,0.0102490106431524,1.4502340581112128,0.0,0,False,:12:12,1,0.00023663353472357302,14,0,0,60581.0,48
APP_0119,31,151732,14,30577,24,31474,0,546,29686,0.195647589170378,0.9715002859502772,1.0293357752558776,0.0083966577031448,0.023596301550673,0.112,0,False,:12:12,14,0.00195647589170378,12,1,2,30577.0,24
APP_0120,26,128767,17,73152,48,194170,0,518,27646,0.2146978651362522,0.3767420301797375,2.6543361767278726,0.0118353304803889,1.2991537313667434,0.313,1,False,:12:12,17,0.002146978651362522,14,0,3,73152.0,48
APP_0121,40,68291,10,19278,36,52303,0,363,51838,0.759075134351514,0.3685830640689756,2.7130926444650525,0.0078414432353475,0.4127266152111696,0.0,0,False,:12:12,10,0.00759075134351514,16,0,1,19278.0,36
APP_0122,50,39545,4,111954,12,195306,1,451,42693,1.0796055127070154,0.5732235568799701,1.7445200707433253,0.2359211025217425,0.0,0.0,0,False,:12:12,4,0.010796055127070154,7,0,0,111954.0,12
APP_0123,49,107976,5,101870,48,133167,0,602,11481,0.1063291842631686,0.7649793116913293,1.3072248944733356,0.0196552165909316,0.2745579220586631,0.0,0,False,:12:12,5,0.001063291842631686,3,0,2,101870.0,48
APP_0124,41,148661,24,17008,24,37446,0,787,9027,0.0607220454591314,0.4542007156972587,2.201669802445778,0.0047669978450106,1.1287019540748804,0.473,1,False,:12:12,24,0.000607220454591314,8,1,4,17008.0,24
APP_0125,58,156645,9,94956,36,117683,0,776,36215,0.2311915477672429,0.8068794983132584,1.239342432284413,0.0168384989408751,0.1840084849182179,0.383,1,False,:12:12,9,0.002311915477672429,29,0,0,94956.0,36
APP_0126,45,56078,9,16701,36,28890,0,403,2842,0.0506794108206417,0.5780893042575085,1.7298365367342237,0.0082727034960906,0.6928488510572454,0.243,0,False,:12:12,9,0.000506794108206417,8,0,2,16701.0,36
APP_0127,24,56921,27,87383,36,254883,0,673,19140,0.3362555120254328,0.3428357324733295,2.916848814986863,0.0426434102613813,1.2722978352281216,0.142,0,False,:12:12,27,0.003362555120254328,20,0,0,87383.0,36
APP_0128,54,30050,4,13261,36,39662,1,346,8292,0.2759400998336014,0.3343502596944094,2.9908754995850244,0.0122582732479489,1.4415131154733345,0.0,0,False,:12:12,4,0.002759400998336014,7,0,4,13261.0,36
APP_0129,46,44070,27,60118,36,152952,0,671,1233,0.027978216473791,0.3930514148229485,2.5441964137196424,0.0378929985114141,1.5009925521785648,0.198,0,False,:12:12,27,0.00027978216473791,25,0,3,60118.0,36
APP_0130,48,99905,27,79970,60,129705,1,488,55129,0.5518142235123312,0.6165529470721975,1.621920720270081,0.0133410072900365,0.2787360209280256,0.0,0,False,:12:12,27,0.0055181422351233125,14,0,2,79970.0,60
APP_0131,45,98818,17,88270,60,209670,0,547,5389,0.0545345989597031,0.4209948967424981,2.3753257052225853,0.0148876385541311,1.300322869449316,0.252,1,False,:12:12,17,0.000545345989597031,17,0,3,88270.0,60
APP_0132,45,75074,4,51977,36,125306,0,694,555,0.0073927058635478,0.414800568209021,2.4107970833252708,0.019231765398346,1.4003674754551227,0.215,0,False,:12:12,4,7.392705863547801e-05,6,0,3,51977.0,36
APP_0133,24,66843,4,110829,12,196797,0,533,55973,0.8373801295573083,0.5631640726230555,1.7756814552147742,0.1381707882535226,0.1261412177518274,0.0,0,False,:12:12,4,0.008373801295573084,18,0,3,110829.0,12
APP_0134,45,137021,8,93595,36,213562,1,744,11299,0.0824618124229126,0.4382568059860816,2.28176718841816,0.0189741799508022,1.176070342956992,0.145,0,False,:12:12,8,0.0008246181242291261,14,0,0,93595.0,36
APP_0135,55,87104,17,27366,60,27953,1,593,48993,0.5624655584129252,0.9790004650663264,1.0214499744207768,0.0052362692872014,0.0093851025802832,0.0,0,False,:12:12,17,0.005624655584129252,21,0,2,27366.0,60
APP_0136,34,134113,4,81534,24,115624,0,849,1877,0.0139956603759515,0.7051650176433897,1.4181077832560476,0.0253312505115717,0.4122560887210746,0.123,0,False,:12:12,4,0.00013995660375951498,7,1,1,81534.0,24
APP_0137,47,155033,13,88472,36,181383,1,651,9213,0.0594260576780423,0.4877634618459255,2.050174066371258,0.0158518222280886,0.9877663617311112,0.314,1,False,:12:12,13,0.000594260576780423,18,0,1,88472.0,36
APP_0138,22,67813,3,42035,36,55801,0,462,6637,0.0978720894223807,0.7533019121520985,1.327488997264153,0.0172185110355895,0.2954369648391076,0.0,0,False,:12:12,3,0.000978720894223807,25,1,0,42035.0,36
APP_0139,36,52369,16,89373,12,119028,1,726,42375,0.8091619087628023,0.7508569412239073,1.3318116209593351,0.142216769450996,0.0633222963942038,0.0,0,False,:12:12,16,0.008091619087628022,14,0,2,89373.0,12
APP_0140,40,153641,0,108108,36,288930,0,524,37208,0.2421749402828656,0.3741667531928135,2.672605172605148,0.0195455640090637,1.2675421148126935,0.155,0,False,:12:12,0,0.002421749402828656,5,0,3,108108.0,36
APP_0141,64,110702,21,98602,24,293662,0,593,28530,0.2577189210673677,0.3357669701902175,2.978256019147654,0.0371123978473328,1.468422012297905,0.158,0,False,:12:12,21,0.002577189210673677,2,0,3,98602.0,24
APP_0142,30,64273,1,92216,48,194754,1,375,14498,0.2255690569912681,0.4734999024410257,2.1119328533009227,0.0298907265356621,0.8611152081442359,0.0,0,False,:12:12,1,0.002255690569912681,25,0,0,92216.0,48
APP_0143,33,108951,5,77236,48,206848,0,365,5331,0.0489302530495355,0.3733949566831665,2.678129369723928,0.0147688716331176,1.5960180750134958,0.064,0,False,:12:12,5,0.000489302530495355,15,0,1,77236.0,48
APP_0144,38,94532,5,34652,48,103285,0,616,34152,0.3612744890619011,0.3354988623711058,2.9806360383238206,0.0076367438185124,1.2650827655608188,0.182,0,False,:12:12,5,0.0036127448906190115,5,0,2,34652.0,48
APP_0145,64,147246,24,96041,36,123239,0,402,13842,0.0940059492278222,0.7793068752586374,1.2831915536073002,0.018118017165026,0.2565698627971611,0.079,0,False,:12:12,24,0.000940059492278222,8,0,0,96041.0,36
APP_0146,58,59555,1,45610,24,86498,0,848,35411,0.5945932331458217,0.5272954287960354,1.8964700723525127,0.0319102790124666,0.363435033613977,0.0,0,False,:12:12,1,0.005945932331458217,22,0,1,45610.0,24
APP_0147,22,158836,12,65267,36,116511,1,770,41248,0.2596892392152896,0.5601788672314154,1.7851441003876112,0.0114141140684218,0.581250626283597,0.116,0,False,:12:12,12,0.0025968923921528956,11,0,1,65267.0,36
APP_0148,31,151365,17,39789,48,46159,1,685,50966,0.3367092788953831,0.8619987434736268,1.16009449847945,0.0054764146267811,0.1061891953413474,0.336,1,False,:12:12,17,0.003367092788953831,18,0,0,39789.0,48
APP_0149,57,49394,15,39622,36,99477,1,704,29639,0.6000526379722112,0.3983031253455532,2.510650648629486,0.0222822834976012,0.6041807418649452,0.0,0,False,:12:12,15,0.006000526379722112,24,0,0,39622.0,36
APP_0150,23,47222,20,21440,48,40040,0,627,284,0.0060141459489219,0.5354645354645221,1.8675373134327489,0.0094588680415347,0.8623198174136997,0.282,1,False,:12:12,20,6.0141459489219e-05,6,0,4,21440.0,48
APP_0151,58,96976,24,115471,12,223858,0,333,16840,0.1736512126711746,0.5158225303540614,1.9386512630876849,0.0992264408980711,0.7756533329771895,0.254,1,False,:12:12,24,0.0017365121267117459,25,1,2,115471.0,12
APP_0152,33,31062,11,20290,48,26404,0,515,51202,1.648380658038708,0.768444175124952,1.301330704780616,0.0136085356166542,0.0,0.0,0,False,:12:12,11,0.01648380658038708,22,2,1,20290.0,48
APP_0153,61,65337,24,13092,12,17829,0,572,31995,0.4896919050461379,0.7343092714117037,1.3618240146653404,0.0166980424554091,0.1846417236324958,0.131,0,False,:12:12,24,0.0048969190504613794,10,0,2,13092.0,12
APP_0154,33,83738,9,112526,24,316671,0,803,37147,0.4436098306622985,0.3553404006050432,2.814202939765007,0.0559911071811832,1.0094046808688149,0.0,0,False,:12:12,9,0.004436098306622985,7,0,0,112526.0,24
APP_0155,40,155865,29,67936,36,74002,1,420,27469,0.1762358451223804,0.9180292424528942,1.0892899199246189,0.0121073436054193,0.0735538354258173,0.261,1,False,:12:12,29,0.001762358451223804,10,0,3,67936.0,36
APP_0156,50,158970,15,54234,12,79491,1,573,9764,0.0614203937849905,0.6822659168962438,1.4657041708153289,0.0284298924301651,0.4371004372565678,0.494,1,False,:12:12,15,0.000614203937849905,2,0,1,54234.0,12
APP_0157,26,45457,22,89286,12,141439,1,489,53802,1.1835800866752937,0.6312686034262076,1.5841117308424435,0.1636821611496534,0.0,0.0,0,False,:12:12,22,0.011835800866752937,12,0,2,89286.0,12
APP_0158,45,145376,26,47848,12,94757,0,373,46376,0.319007263922516,0.5049547790664488,1.980375355291716,0.0274277276373062,0.6676284955830627,0.263,1,False,:12:12,26,0.0031900726392251597,18,1,1,47848.0,12
APP_0159,43,37275,23,17966,36,39038,0,356,59711,1.601904761904719,0.4602182488856893,2.172882110653336,0.0133884790219095,0.0,0.0,0,False,:12:12,23,0.01601904761904719,23,1,3,17966.0,36
APP_0160,55,126062,25,88373,48,175560,0,500,51329,0.407172661071533,0.503377762588286,1.986579611419755,0.0146047513654257,0.5848713656790645,0.031,0,False,:12:12,25,0.00407172661071533,16,0,3,88373.0,48
APP_0161,64,139161,16,23591,12,27559,0,345,17467,0.1255164880965204,0.8560179977502501,1.1681997371878612,0.0141269225321952,0.1470878968773519,0.372,1,False,:12:12,16,0.001255164880965204,3,0,2,23591.0,12
APP_0162,50,145256,1,67700,36,100692,0,336,15255,0.10502147931927,0.6723473562944358,1.4873264401772306,0.0129464914048528,0.4361466965184462,0.288,1,False,:12:12,1,0.0010502147931927,19,1,3,67700.0,36
APP_0163,39,55161,14,114040,48,306445,0,492,14908,0.2702634107430925,0.3721385566741165,2.6871711680112003,0.0430708894560249,1.231190533637095,0.032,0,False,:12:12,14,0.002702634107430925,2,0,4,114040.0,48
APP_0164,38,145615,5,112528,24,256021,0,411,55127,0.3785805033822039,0.439526445096299,2.275175956206435,0.032199063739802,0.7924192008049274,0.0,0,False,:12:12,5,0.003785805033822039,5,0,4,112528.0,24
APP_0165,39,40657,26,45211,12,103908,2,605,33416,0.821900287773303,0.4351060553566575,2.298290239101053,0.0926675193206403,0.2312251179706327,0.0,0,False,:12:12,26,0.00821900287773303,28,1,1,45211.0,12
APP_0166,56,95045,7,94295,48,220688,0,309,27267,0.2868851596612101,0.4272774233306731,2.340399809109684,0.0206689375203926,0.9558589958634074,0.106,0,False,:12:12,7,0.002868851596612101,7,0,4,94295.0,48
APP_0167,35,88388,6,74683,48,188634,2,465,58095,0.6572724804271999,0.3959148403787207,2.525795696477076,0.0176030211488086,0.5229321744284476,0.0,0,False,:12:12,6,0.006572724804271999,17,0,0,74683.0,48
APP_0168,28,67650,7,59086,36,65952,0,549,36205,0.5351810790835102,0.8958939835031402,1.1162034999830568,0.0242613123094185,0.0540135854688586,0.0,0,False,:12:12,7,0.005351810790835102,20,2,1,59086.0,36
APP_0169,35,27985,19,19371,48,33574,0,829,54565,1.949794532785351,0.5769643176267178,1.73320943678686,0.0144206717881571,0.0,0.0,0,False,:12:12,19,0.01949794532785351,24,0,3,19371.0,48
APP_0170,21,129221,17,47034,12,97786,0,648,59078,0.4571857515419285,0.4809890986439727,2.0790491984521395,0.0303317572195954,0.5857232797070998,0.181,0,False,:12:12,17,0.004571857515419285,2,0,4,47034.0,12
APP_0171,25,70303,28,79274,24,132935,0,784,4766,0.0677922706001156,0.5963365554594307,1.6769054166561337,0.046983533180599,0.6310164614795154,0.305,1,False,:12:12,28,0.0006779227060011559,25,0,3,79274.0,24
APP_0172,24,114324,12,118435,36,318466,0,488,21692,0.189741436618731,0.3718921329121464,2.6889517456832635,0.0287766445454996,1.3684876150776164,0.305,1,False,:12:12,12,0.00189741436618731,26,1,1,118435.0,36
APP_0173,54,80379,8,3572,24,7019,0,547,44048,0.5480038318466197,0.5089044023364426,1.9650055991035933,0.0018516445007667,0.4361788330415722,0.075,0,False,:12:12,8,0.005480038318466197,20,0,2,3572.0,24
APP_0174,52,75443,1,86977,48,220682,1,531,48789,0.6467001577349701,0.3941282025720249,2.53724547868974,0.024018409041204,0.5431085851437208,0.0,0,False,:12:12,1,0.006467001577349701,12,1,4,86977.0,48
APP_0175,51,144649,0,102021,36,275867,0,788,8909,0.0615904707256872,0.3698195144761774,2.704021721018195,0.0195916782458774,1.5990702210939016,0.431,1,False,:12:12,0,0.000615904707256872,8,0,1,102021.0,36
APP_0176,41,37753,11,114289,48,229673,0,827,19103,0.5059995232166846,0.4976161760415874,2.009580974546964,0.0630683874998984,0.498733482777571,0.0,0,False,:12:12,11,0.005059995232166846,18,0,0,114289.0,48
APP_0177,52,124443,27,52585,36,148242,0,829,32890,0.2642977105984244,0.3547240323255194,2.819092897213981,0.0117378594569711,1.3383108091144895,0.232,0,False,:12:12,27,0.002642977105984244,20,0,3,52585.0,36
APP_0178,28,125816,15,16861,24,36659,0,713,47952,0.3811279964392415,0.4599416241577659,2.1741889567640014,0.0055838817530154,0.7266726722315078,0.248,1,False,:12:12,15,0.003811279964392415,9,0,4,16861.0,24
APP_0179,60,76298,26,34703,24,93717,0,576,6778,0.0888358803638353,0.3702956774117783,2.7005446215023863,0.0189514578792768,1.5494752429532723,0.351,1,False,:12:12,26,0.000888358803638353,20,0,4,34703.0,24
APP_0180,43,60432,3,102512,24,172341,0,597,36044,0.5964389727296698,0.5948207333136016,1.6811787888247065,0.0706799929367767,0.2748972117728641,0.0,0,False,:12:12,3,0.005964389727296698,5,0,2,102512.0,24
APP_0181,62,25716,2,105718,48,211185,2,839,17786,0.6916316689998175,0.5005942656912162,1.997625759094932,0.0856454477091057,0.3076361902948986,0.0,0,False,:12:12,2,0.006916316689998175,7,0,2,105718.0,48
APP_0182,27,151469,25,77537,12,159945,1,456,12981,0.0857007044345702,0.4847728906811686,2.0628216206456007,0.0426583437279454,0.9717370590679988,0.632,1,False,:12:12,25,0.000857007044345702,0,0,2,77537.0,12
APP_0183,42,152943,3,17360,12,21004,1,490,30923,0.2021864354694219,0.8265092363358967,1.2099078341013128,0.0094588615794518,0.1674673173473455,0.27,1,False,:12:12,3,0.002021864354694219,8,0,0,17360.0,12
APP_0184,51,57531,1,17264,24,31025,0,793,24841,0.4317846030835475,0.5564544721998209,1.7970922150137976,0.0125034039614007,0.4529200693331305,0.0,0,False,:12:12,1,0.004317846030835475,6,0,2,17264.0,24
APP_0185,42,29307,12,58946,24,167092,0,512,38142,1.3014638141058006,0.352775716371817,2.8346622332303664,0.0838053479793534,0.0,0.0,0,False,:12:12,12,0.013014638141058006,24,1,1,58946.0,24
APP_0186,40,41572,27,71826,48,162446,1,429,19058,0.4584335610506962,0.4421530847173803,2.261660123075178,0.0359947801397284,0.6832727800181755,0.069,0,False,:12:12,27,0.004584335610506962,26,0,1,71826.0,48
APP_0187,28,34131,20,6788,24,9197,0,608,49396,1.4472473704256703,0.7380667609002133,1.35489098408937,0.0082866992857384,0.0,0.0,0,False,:12:12,20,0.014472473704256703,26,0,4,6788.0,24
APP_0188,37,137200,2,83273,60,139708,0,478,4686,0.034154518950437,0.5960503335528345,1.677710662519644,0.010115767735497,0.6545637808537221,0.254,1,False,:12:12,2,0.00034154518950437,29,1,0,83273.0,60
APP_0189,31,145408,25,66707,12,92269,0,789,51712,0.355633802816899,0.7229622083256486,1.3831981651100875,0.0382297856115439,0.2469199444195459,0.14,0,False,:12:12,25,0.0035563380281689897,18,0,3,66707.0,12
APP_0190,34,45693,25,4439,36,4659,1,799,1790,0.0391744906221951,0.95277956643036,1.0495607118718069,0.0026985655472857,0.0476191962297781,0.326,1,False,:12:12,25,0.000391744906221951,13,0,3,4439.0,36
APP_0191,51,125809,24,14194,36,40522,0,468,44153,0.3509526345491948,0.350278860865694,2.854868254191711,0.0031339393665542,1.2038973536415265,0.489,1,False,:12:12,24,0.0035095263454919478,17,0,4,14194.0,36
APP_0192,48,49201,27,56155,24,106493,1,591,20788,0.422511737566301,0.5273116542871312,1.8964117175674136,0.0475557746096446,0.5176672452032292,0.169,0,False,:12:12,27,0.00422511737566301,11,0,1,56155.0,24
APP_0193,47,74573,7,87542,48,141386,1,841,23000,0.3084226194467125,0.6191702148727554,1.6150647689109043,0.0244564610063782,0.4253648817540289,0.0,0,False,:12:12,7,0.003084226194467125,14,0,1,87542.0,48
APP_0194,36,105916,29,99571,60,218752,0,708,1142,0.0107821292344876,0.4551775526623736,2.196944893593494,0.0156682339461364,1.1840392790642236,0.295,1,False,:12:12,29,0.00010782129234487599,8,0,4,99571.0,60
APP_0195,63,122190,9,53462,48,54244,1,418,42126,0.3447581635158331,0.985583659022178,1.0146272118513897,0.0091152440186877,0.0095843611561716,0.079,0,False,:12:12,9,0.0034475816351583312,20,0,0,53462.0,48
APP_0196,24,143065,24,37557,24,58440,0,624,9929,0.069402020060811,0.6426591375769911,1.5560348270628233,0.0109382099041329,0.51744488684054,0.409,1,False,:12:12,24,0.00069402020060811,28,0,0,37557.0,24
APP_0197,36,31045,17,116292,24,279806,0,640,39549,1.2739249476565864,0.4156165343130583,2.4060640456781,0.1560798840327894,0.0,0.0,0,False,:12:12,17,0.012739249476565864,4,0,3,116292.0,24
APP_0198,26,51518,23,56650,36,128456,0,659,43510,0.8445591831980892,0.4410070374291552,2.2675375110326166,0.0305448796744316,0.1970270660419748,0.042,0,False,:12:12,23,0.008445591831980893,1,0,2,56650.0,36
APP_0199,35,62868,18,39900,24,118248,2,313,50714,0.8066743017115098,0.3374264258169243,2.9636090225563168,0.0264442959841366,0.3796160854512861,0.0,0,False,:12:12,18,0.008066743017115097,11,0,2,39900.0,24
APP_0200,63,66893,19,54750,36,122679,0,464,42485,0.6351187717698319,0.4462866505269814,2.2407123287670827,0.0227353136096611,0.4527126384008549,0.093,0,False,:12:12,19,0.006351187717698319,12,0,2,54750.0,36
